full_name;age;league;season;position;Current Club;minutes_played_overall;nationality;appearances_overall;goals_overall;assists_overall;penalty_goals;penalty_misses;clean_sheets_overall;conceded_overall;yellow_cards_overall;red_cards_overall;goals_involved_per_90_overall;assists_per_90_overall;goals_per_90_overall;min_per_goal_overall;conceded_per_90_overall;min_per_conceded_overall;min_per_match;min_per_card_overall;min_per_assist_overall;cards_per_90_overall
Aarón Escandell Banacloche;26;La Liga;2021/2022;Goalkeeper;Granada CF;283;Spain;4;0;0;0;0;1;5;2;1;0;0;0;0;1,59;57;71;94;0;0,95
Abdón Prats Bastidas;29;La Liga;2021/2022;Forward;RCD Mallorca;631;Spain;23;3;0;0;0;5;10;4;0;0,43;0;0,43;210;1,43;63;27;158;0;0,57
Adama Traoré Diarra;26;La Liga;2021/2022;Midfielder;FC Barcelona;378;Spain;11;0;2;0;0;2;7;0;0;0,48;0,48;0;0;1,67;54;34;0;189;0
Adnan Januzaj;27;La Liga;2021/2022;Midfielder;Real Sociedad;1625;Belgium;33;3;0;2;0;17;13;5;0;0,17;0;0,17;542;0,72;125;49;325;0;0,28
Adrià Giner Pedrosa;23;La Liga;2021/2022;Defender;RCD Espanyol;2723;Spain;31;1;1;0;0;9;37;8;0;0,07;0,03;0,03;2723;1,22;74;88;340;2723;0,26
Adrián Embarba Blázquez;29;La Liga;2021/2022;Forward;RCD Espanyol;1997;Spain;32;0;2;0;0;9;22;4;0;0,09;0,09;0;0;0,99;91;62;499;999;0,18
Aihen Muñoz Capellán;24;La Liga;2021/2022;Midfielder;Real Sociedad;1343;Spain;20;0;0;0;0;11;16;4;1;0;0;0;0;1,07;84;67;336;0;0,27
Aïssa Mandi;30;La Liga;2021/2022;Defender;Villarreal;1372;Algeria;17;1;0;0;0;6;13;3;0;0,07;0;0,07;1372;0,85;106;81;457;0;0,2
Aitor Fernández Abarisketa;31;La Liga;2021/2022;Goalkeeper;Levante UD;1167;Spain;13;0;0;0;0;2;25;2;1;0;0;0;0;1,93;47;90;389;0;0,23
Aitor Ruibal García;26;La Liga;2021/2022;Forward;Real Betis;855;Spain;19;0;0;0;0;5;11;6;0;0;0;0;0;1,16;78;45;143;0;0,63
Alberto Moreno;29;La Liga;2021/2022;Defender;Villarreal;1222;Spain;24;3;2;0;0;11;9;3;0;0,37;0,15;0,22;407;0,66;136;51;407;611;0,22
Alberto Perea Correoso;31;La Liga;2021/2022;Forward;Cádiz;772;Spain;18;0;1;0;0;5;12;2;0;0,12;0,12;0;0;1,4;64;43;386;772;0,23
Alberto Rodríguez Baro;24;La Liga;2021/2022;Defender;Deportivo Alavés;237;Spain;5;0;0;0;0;1;5;1;0;0;0;0;0;1,9;47;47;237;0;0,38
Alberto Soro Álvarez;23;La Liga;2021/2022;Midfielder;Granada CF;575;Spain;16;0;0;0;0;4;9;0;0;0;0;0;0;1,41;64;36;0;0;0
Aleix Febas Pérez;26;La Liga;2021/2022;Midfielder;RCD Mallorca;115;Spain;4;0;0;0;0;0;5;1;0;0;0;0;0;3,91;23;29;115;0;0,78
Aleix Vidal;32;La Liga;2021/2022;Defender;RCD Espanyol;1904;Spain;31;2;0;0;0;6;31;10;0;0,09;0;0,09;952;1,47;61;61;190;0;0,47
Alejandro Asensio Crespillo;21;La Liga;2021/2022;Forward;Rayo Vallecano;11;Spain;2;0;0;0;0;0;0;0;0;0;0;0;0;0;0;6;0;0;0
Alejandro Balde Martínez;19;La Liga;2021/2022;Defender;FC Barcelona;187;Spain;5;0;0;0;0;1;3;0;0;0;0;0;0;1,44;62;37;0;0;0
Alejandro Cantero Sánchez;21;La Liga;2021/2022;Forward;Levante UD;595;Spain;25;0;1;0;0;2;12;1;0;0,15;0,15;0;0;1,82;50;24;595;595;0,15
Alejandro Catena Marugán;27;La Liga;2021/2022;Defender;Rayo Vallecano;3240;Spain;36;2;2;0;0;9;42;8;0;0,11;0,06;0,06;1620;1,17;77;90;405;1620;0,22
Alejandro Fernández Iglesias;29;La Liga;2021/2022;Midfielder;Cádiz;2049;Spain;32;3;2;1;1;9;24;2;0;0,22;0,09;0,13;683;1,05;85;64;1025;1025;0,09
Alejandro Gómez;34;La Liga;2021/2022;Midfielder;Sevilla FC;1788;Argentina;29;5;1;0;0;12;11;4;0;0,3;0,05;0,25;358;0,55;163;62;447;1788;0,2
Alejandro Moreno Lopera;28;La Liga;2021/2022;Midfielder;Real Betis;2408;Spain;30;5;3;0;0;9;28;5;1;0,3;0,11;0,19;482;1,05;86;80;401;803;0,22
Alejandro Primo Hernández;17;La Liga;2021/2022;Goalkeeper;Levante UD;90;Spain;1;0;0;0;0;0;1;0;0;0;0;0;0;1;90;90;0;0;0
Alejandro Remiro Gargallo;27;La Liga;2021/2022;Goalkeeper;Real Sociedad;3150;Spain;35;0;0;0;0;19;29;1;0;0;0;0;0;0,83;109;90;3150;0;0,03
Aleksandar Sedlar;30;La Liga;2021/2022;Defender;RCD Mallorca;401;Serbia;10;0;0;0;0;2;6;5;1;0;0;0;0;1,35;67;40;80;0;1,12
Álex Berenguer;26;La Liga;2021/2022;Forward;Athletic Club Bilbao;2172;Spain;34;3;6;0;1;13;14;8;0;0,37;0,25;0,12;724;0,58;155;64;272;362;0,33
Álex Collado Gutiérrez;23;La Liga;2021/2022;Midfielder;Granada CF;1026;Spain;17;2;1;0;0;4;14;1;0;0,26;0,09;0,18;513;1,23;73;60;1026;1026;0,09
Alex Ujía Piriz;22;La Liga;2021/2022;Defender;Real Sociedad;39;Spain;2;0;0;0;0;2;0;0;0;0;0;0;0;0;0;20;0;0;0
Alexander Isak;22;La Liga;2021/2022;Forward;Real Sociedad;2155;Sweden;32;6;2;2;0;17;20;6;0;0,33;0,08;0,25;359;0,84;108;67;359;1078;0,25
Alexander Sørloth;26;La Liga;2021/2022;Forward;Real Sociedad;1760;Norway;33;4;0;0;0;17;16;2;0;0,2;0;0,2;440;0,82;110;53;880;0;0,1
Alexandru Mircea Țîrlea;22;La Liga;2021/2022;Midfielder;Deportivo Alavés;14;Romania;1;0;0;0;0;0;0;0;0;0;0;0;0;0;0;14;0;0;0
Alfonso;26;La Liga;2021/2022;Midfielder;Villarreal;1703;Spain;28;4;4;0;0;8;15;2;0;0,42;0,21;0,21;426;0,79;114;61;852;426;0,11
Allan Nyom;33;La Liga;2021/2022;Defender;Getafe CF;244;Cameroon;5;0;0;0;0;2;2;1;0;0;0;0;0;0,74;122;49;244;0;0,37
Álvaro Aguirre Arévalo;22;La Liga;2021/2022;Forward;Rayo Vallecano;8;Spain;1;0;0;0;0;0;0;0;0;0;0;0;0;0;0;8;0;0;0
Álvaro Bastida Moya;18;La Liga;2021/2022;Midfielder;Cádiz;195;Spain;6;0;0;0;0;1;5;1;0;0;0;0;0;2,31;39;33;195;0;0,46
Álvaro García Rivera;29;La Liga;2021/2022;Midfielder;Rayo Vallecano;3006;Spain;36;7;4;0;0;9;41;6;0;0,33;0,12;0,21;429;1,23;73;84;501;752;0,18
Álvaro Jiménez;26;La Liga;2021/2022;Midfielder;Cádiz;227;Spain;9;0;0;0;0;1;6;0;0;0;0;0;0;2,38;38;25;0;0;0
Álvaro Juan Cruz Armada;29;La Liga;2021/2022;Defender;CA Osasuna;1935;Spain;23;0;0;0;0;7;25;4;0;0;0;0;0;1,16;77;84;484;0;0,19
Álvaro Negredo Sánchez;36;La Liga;2021/2022;Forward;Cádiz;2156;Spain;34;7;2;2;1;12;25;3;0;0,38;0,08;0,29;308;1,04;86;63;719;1078;0,13
Álvaro Sanz Catalán;21;La Liga;2021/2022;Midfielder;FC Barcelona;27;Spain;2;0;0;0;0;1;1;0;0;0;0;0;0;3,33;27;14;0;0;0
Álvaro Vadillo Cifuentes;27;La Liga;2021/2022;Midfielder;RCD Espanyol;4;Spain;3;0;0;0;0;0;0;1;0;0;0;0;0;0;0;1;4;0;22,5
Amankwaa Akurugu;20;La Liga;2021/2022;Defender;Getafe CF;78;Ghana;3;0;1;0;0;0;1;0;0;1,15;1,15;0;0;1,15;78;26;0;78;0
Amath Ndiaye;25;La Liga;2021/2022;Forward;RCD Mallorca;883;Senegal;19;0;1;0;0;4;12;5;0;0,1;0,1;0;0;1,22;74;46;177;883;0,51
Ander Barrenetxea Muguruza;20;La Liga;2021/2022;Forward;Real Sociedad;547;Spain;11;1;1;0;0;4;6;0;0;0,33;0,16;0,16;547;0,99;91;50;0;547;0
Ander Capa;30;La Liga;2021/2022;Defender;Athletic Club Bilbao;3;Spain;1;0;0;0;0;1;0;0;0;0;0;0;0;0;0;3;0;0;0
Ander Guevara Lajo;24;La Liga;2021/2022;Midfielder;Real Sociedad;871;Spain;17;0;0;0;0;9;9;2;0;0;0;0;0;0,93;97;51;436;0;0,21
Ander Martín Odriozola;21;La Liga;2021/2022;Midfielder;Real Sociedad;85;Spain;5;0;0;0;0;3;2;0;0;0;0;0;0;2,12;43;17;0;0;0
Andoni Gorosabel;25;La Liga;2021/2022;Defender;Real Sociedad;2295;Spain;32;0;4;0;0;17;19;4;0;0,16;0,16;0;0;0,75;121;72;574;574;0,16
Andrés Guardado;35;La Liga;2021/2022;Midfielder;Real Betis;1393;Mexico;28;0;1;0;0;8;14;4;0;0,06;0,06;0;0;0,9;100;50;348;1393;0,26
Andriy Lunin;23;La Liga;2021/2022;Goalkeeper;Real Madrid;180;Ukraine;2;0;0;0;0;0;2;0;0;0;0;0;0;1;90;90;0;0;0
Ángel;35;La Liga;2021/2022;Forward;RCD Mallorca;1551;Spain;29;4;2;0;0;5;22;4;0;0,35;0,12;0,23;388;1,28;71;53;388;776;0,23
Ángel Correa;27;La Liga;2021/2022;Forward;Atlético Madrid;1862;Argentina;36;12;5;0;0;12;19;4;1;0,82;0,24;0,58;155;0,92;98;52;372;372;0,24
Ángel Montoro Sánchez;33;La Liga;2021/2022;Midfielder;Granada CF;1328;Spain;24;1;1;0;0;4;27;5;0;0,14;0,07;0,07;1328;1,83;49;55;266;1328;0,34
Anssumane Fati;19;La Liga;2021/2022;Forward;FC Barcelona;332;Guinea-Bissau;10;4;0;0;0;2;4;0;0;1,08;0;1,08;83;1,08;83;33;0;0;0
Ante Budimir;30;La Liga;2021/2022;Forward;CA Osasuna;1741;Croatia;28;8;2;2;0;9;23;3;0;0,52;0,1;0,41;218;1,19;76;62;580;871;0,16
Anthony Martial;26;La Liga;2021/2022;Forward;Sevilla FC;495;France;9;0;1;0;0;4;2;1;0;0,18;0,18;0;0;0,36;248;55;495;495;0,18
Anthony Rubén Lozano Colón;29;La Liga;2021/2022;Forward;Cádiz;1679;Honduras;31;7;2;0;0;11;21;8;0;0,48;0,11;0,38;240;1,13;80;54;210;840;0,43
Antoine Griezmann;31;La Liga;2021/2022;Forward;Atlético Madrid;1971;France;29;3;4;0;0;9;18;3;0;0,32;0,18;0,14;657;0,82;110;68;657;493;0,14
Antonio Barragán;34;La Liga;2021/2022;Defender;Elche CF;1023;Spain;16;0;0;0;0;3;18;5;0;0;0;0;0;1,58;57;64;205;0;0,44
Antonio Blanco Conde;21;La Liga;2021/2022;Midfielder;Real Madrid;30;Spain;1;0;0;0;0;0;0;0;0;0;0;0;0;0;0;30;0;0;0
Antonio José Raillo Arenas;30;La Liga;2021/2022;Defender;RCD Mallorca;1530;Spain;17;2;0;0;0;3;28;8;0;0,12;0;0,12;765;1,65;55;90;191;0;0,47
Antonio Moya Vega;24;La Liga;2021/2022;Midfielder;Deportivo Alavés;1386;Spain;28;0;1;0;0;5;23;2;0;0,06;0,06;0;0;1,49;60;50;693;1386;0,13
Antonio Sivera Salvá;25;La Liga;2021/2022;Goalkeeper;Deportivo Alavés;276;Spain;4;0;0;0;0;1;4;1;0;0;0;0;0;1,3;69;69;276;0;0,33
Aridane Hernández Umpiérrez;33;La Liga;2021/2022;Defender;CA Osasuna;1157;Spain;15;0;0;0;0;4;20;1;0;0;0;0;0;1,56;58;77;1157;0;0,08
Aritz Elustondo;28;La Liga;2021/2022;Defender;Real Sociedad;2100;Spain;30;4;1;0;0;18;19;4;1;0,21;0,04;0,17;525;0,81;111;70;420;2100;0,21
Arnaut Groeneveld;25;La Liga;2021/2022;Forward;Villarreal;1477;Netherlands;23;10;3;3;0;9;16;2;0;0,79;0,18;0,61;148;0,97;92;64;739;492;0,12
Asier Illarramendi Andonegi;32;La Liga;2021/2022;Midfielder;Real Sociedad;378;Spain;8;0;0;0;0;3;5;1;0;0;0;0;0;1,19;76;47;378;0;0,24
Asier Villalibre Molina;24;La Liga;2021/2022;Forward;Athletic Club Bilbao;536;Spain;19;2;0;0;0;8;5;0;0;0,34;0;0,34;268;0,84;107;28;0;0;0
Augusto Jorge Mateo Solari;30;La Liga;2021/2022;Midfielder;Celta de Vigo;697;Argentina;26;0;0;0;0;9;12;5;0;0;0;0;0;1,55;58;27;139;0;0,65
Bebé;31;La Liga;2021/2022;Forward;Rayo Vallecano;850;Portugal;29;1;2;0;0;5;13;2;0;0,32;0,21;0,11;850;1,38;65;29;425;425;0,21
Beñat Turrientes Imaz;20;La Liga;2021/2022;Midfielder;Real Sociedad;201;Spain;8;0;0;0;0;5;2;1;0;0;0;0;0;0,9;101;25;201;0;0,45
Borja Iglesias Quintas;29;La Liga;2021/2022;Forward;Real Betis;1573;Spain;33;10;0;3;0;11;16;4;0;0,57;0;0,57;157;0,92;98;48;393;0;0,23
Borja Mayoral;25;La Liga;2021/2022;Forward;Getafe CF;1046;Spain;18;6;1;1;0;8;10;3;0;0,6;0,09;0,52;174;0,86;105;58;349;1046;0,26
Boulaye Dia;25;La Liga;2021/2022;Midfielder;Villarreal;1264;France;25;5;5;0;0;10;9;3;0;0,71;0,36;0,36;253;0,64;140;51;421;253;0,21
Brais Méndez;25;La Liga;2021/2022;Midfielder;Celta de Vigo;3035;Spain;37;4;5;0;0;14;32;8;0;0,27;0,15;0,12;759;0,95;95;82;379;607;0,24
Brian Oliván Herrero;28;La Liga;2021/2022;Defender;RCD Mallorca;2189;Spain;28;1;0;0;1;7;31;7;0;0,04;0;0,04;2189;1,27;71;78;313;0;0,29
Bryan Gil Salvatierra;21;La Liga;2021/2022;Forward;Valencia CF;755;Spain;13;0;1;0;0;6;7;3;0;0,12;0,12;0;0;0,83;108;58;252;755;0,36
Cala;32;La Liga;2021/2022;Defender;Cádiz;945;Spain;14;0;0;0;0;4;17;9;1;0;0;0;0;1,62;56;68;105;0;0,86
Carles Aleña Castillo;24;La Liga;2021/2022;Midfielder;Getafe CF;2343;Spain;33;1;2;0;0;14;20;7;1;0,12;0,08;0,04;2343;0,77;117;71;293;1172;0,31
Carlo Adriano García Prades;21;La Liga;2021/2022;Midfielder;Villarreal;6;Spain;1;0;0;0;0;1;0;0;0;0;0;0;0;0;0;6;0;0;0
Carlos Akapo Martínez;29;La Liga;2021/2022;Defender;Cádiz;1847;Equatorial Guinea;25;0;0;0;0;10;22;4;0;0;0;0;0;1,07;84;74;462;0;0,19
Carlos Bacca;35;La Liga;2021/2022;Forward;Granada CF;506;Colombia;17;0;1;0;0;4;9;3;0;0,18;0,18;0;0;1,6;56;30;169;506;0,53
Carlos Clerc Martínez;30;La Liga;2021/2022;Defender;Levante UD;1518;Spain;19;0;0;0;0;3;33;6;0;0;0;0;0;1,96;46;80;253;0;0,36
Carlos Martín Domínguez;20;La Liga;2021/2022;Midfielder;Atlético Madrid;5;Spain;1;0;0;0;0;1;0;1;0;0;0;0;0;0;0;5;5;0;18
Carlos Neva Tey;25;La Liga;2021/2022;Defender;Granada CF;2114;Spain;26;0;0;0;0;5;34;1;0;0;0;0;0;1,45;62;81;2114;0;0,04
Carlos Soler;25;La Liga;2021/2022;Midfielder;Valencia CF;2483;Spain;32;11;5;7;0;11;30;4;0;0,58;0,18;0,4;226;1,09;83;78;621;497;0,14
Casemiro;30;La Liga;2021/2022;Midfielder;Real Madrid;2576;Brazil;32;1;3;0;0;14;22;11;0;0,14;0,1;0,03;2576;0,77;117;81;234;859;0,38
Chema;30;La Liga;2021/2022;Defender;Getafe CF;46;Spain;1;0;0;0;0;0;1;2;1;0;0;0;0;1,96;46;46;15;0;5,87
Claudio Andrés Bravo Muñoz;39;La Liga;2021/2022;Goalkeeper;Real Betis;1457;Chile;17;0;0;0;0;5;18;2;0;0;0;0;0;1,11;81;86;729;0;0,12
Clément Grenier;31;La Liga;2021/2022;Midfielder;RCD Mallorca;55;France;5;1;0;0;0;3;0;1;0;1,64;0;1,64;55;0;0;11;55;0;1,64
Clément Lenglet;26;La Liga;2021/2022;Defender;FC Barcelona;815;France;21;0;1;0;0;6;11;4;0;0,11;0,11;0;0;1,21;74;39;204;815;0,44
Cristhian Andrey Mosquera Ibarguen;17;La Liga;2021/2022;Defender;Valencia CF;211;Spain;6;0;0;0;0;1;3;1;0;0;0;0;0;1,28;70;35;211;0;0,43
Cristian Tello;30;La Liga;2021/2022;Forward;Real Betis;805;Spain;23;2;2;0;0;7;14;2;0;0,45;0,22;0,22;403;1,57;58;35;403;403;0,22
Cristiano Piccini;29;La Liga;2021/2022;Defender;Valencia CF;322;Italy;6;1;0;0;0;1;9;1;0;0,28;0;0,28;322;2,52;36;54;322;0;0,28
Cristo Jesús Romero Gómez;22;La Liga;2021/2022;Defender;Real Sociedad;16;Spain;1;0;0;0;0;1;0;0;0;0;0;0;0;0;0;16;0;0;0
Damián Suárez;34;La Liga;2021/2022;Defender;Getafe CF;2719;Uruguay;35;0;3;0;0;14;27;13;0;0,1;0,1;0;0;0,89;101;78;209;906;0,43
Dani Alves;38;La Liga;2021/2022;Defender;FC Barcelona;1103;Brazil;14;1;3;0;0;6;10;3;1;0,33;0,24;0,08;1103;0,82;110;79;276;368;0,33
Dani Ceballos;25;La Liga;2021/2022;Midfielder;Real Madrid;267;Spain;11;0;0;0;0;6;2;1;0;0;0;0;0;0,67;134;24;267;0;0,34
Dani García;31;La Liga;2021/2022;Midfielder;Athletic Club Bilbao;2192;Spain;32;0;0;0;0;13;18;9;0;0;0;0;0;0,74;122;69;244;0;0,37
Daniel Cárdenas Lindez;25;La Liga;2021/2022;Goalkeeper;Levante UD;2160;Spain;24;0;0;0;0;5;43;3;0;0;0;0;0;1,79;50;90;720;0;0,13
Daniel Carvajal Ramos;30;La Liga;2021/2022;Defender;Real Madrid;1550;Spain;24;1;3;0;0;10;12;1;0;0,23;0,17;0,06;1550;0,7;129;65;1550;517;0,06
Daniel Gómez Alcón;23;La Liga;2021/2022;Forward;Levante UD;1059;Spain;28;4;2;0;0;4;24;1;0;0,51;0,17;0,34;265;2,04;44;38;1059;530;0,08
Daniel José Rodríguez Vázquez;33;La Liga;2021/2022;Midfielder;RCD Mallorca;2841;Spain;36;3;3;0;0;9;39;7;0;0,19;0,1;0,1;947;1,24;73;79;406;947;0,22
Daniel Parejo;33;La Liga;2021/2022;Midfielder;Villarreal;2712;Spain;33;2;10;1;0;11;29;3;0;0,4;0,33;0,07;1356;0,96;94;82;904;271;0,1
Daniel Raba Antolí;26;La Liga;2021/2022;Forward;Granada CF;106;Spain;9;0;0;0;0;5;3;1;0;0;0;0;0;2,55;35;12;106;0;0,85
Daniel Villahermosa Martínez;21;La Liga;2021/2022;Midfielder;RCD Espanyol;22;Spain;1;0;0;0;0;0;0;0;0;0;0;0;0;0;0;22;0;0;0
Daniel Vivian Moreno;22;La Liga;2021/2022;Defender;Athletic Club Bilbao;1985;Spain;24;2;1;0;0;8;18;2;0;0,14;0,05;0,09;993;0,82;110;83;993;1985;0,09
Daniel Wass;32;La Liga;2021/2022;Midfielder;Atlético Madrid;1636;Denmark;20;1;1;0;0;5;29;7;0;0,11;0,06;0,06;1636;1,6;56;82;234;1636;0,39
Darío Ismael Benedetto;31;La Liga;2021/2022;Forward;Elche CF;585;Argentina;14;2;1;0;0;2;5;1;0;0,46;0,15;0,31;293;0,77;117;42;585;585;0,15
Darío Poveda Romera;25;La Liga;2021/2022;Forward;Getafe CF;370;Spain;15;1;0;0;0;5;4;0;0;0,24;0;0,24;370;0,97;93;25;0;0;0
Darko Brašanac;30;La Liga;2021/2022;Midfielder;CA Osasuna;2412;Serbia;35;1;2;0;0;10;33;9;0;0,11;0,07;0,04;2412;1,23;73;69;268;1206;0,34
Darwin Daniel Machís Marcano;29;La Liga;2021/2022;Forward;Granada CF;1379;Venezuela;25;4;2;0;0;4;20;2;0;0,39;0,13;0,26;345;1,31;69;55;690;690;0,13
David Alaba;29;La Liga;2021/2022;Defender;Real Madrid;2645;Austria;30;2;3;0;0;12;25;2;0;0,17;0,1;0,07;1323;0,85;106;88;1323;882;0,07
David García Zubiría;28;La Liga;2021/2022;Defender;CA Osasuna;3106;Spain;35;4;0;0;0;12;42;8;0;0,12;0;0,12;777;1,22;74;89;388;0;0,23
David López;32;La Liga;2021/2022;Defender;RCD Espanyol;740;Spain;18;0;0;0;0;7;7;1;0;0;0;0;0;0,85;106;41;740;0;0,12
David Silva;36;La Liga;2021/2022;Midfielder;Real Sociedad;1734;Spain;25;2;4;0;0;15;10;5;1;0,31;0,21;0,1;867;0,52;173;69;289;434;0,31
David Soria;29;La Liga;2021/2022;Goalkeeper;Getafe CF;3415;Spain;38;0;0;0;0;14;37;4;0;0;0;0;0;0,98;92;90;854;0;0,11
David Timor Copoví;32;La Liga;2021/2022;Midfielder;Getafe CF;339;Spain;7;0;0;0;0;1;5;2;0;0;0;0;0;1,33;68;48;170;0;0,53
Denis Cheryshev;31;La Liga;2021/2022;Midfielder;Valencia CF;556;Russia;17;0;1;0;0;5;7;1;0;0,16;0,16;0;0;1,13;79;33;556;556;0,16
Denis Suárez;28;La Liga;2021/2022;Midfielder;Celta de Vigo;2835;Spain;38;4;6;0;0;14;36;4;0;0,32;0,19;0,13;709;1,14;79;75;709;473;0,13
Dídac Vilá Rosselló;32;La Liga;2021/2022;Defender;RCD Espanyol;196;Spain;9;0;0;0;0;2;3;3;0;0;0;0;0;1,38;65;22;65;0;1,38
Diego Carlos;29;La Liga;2021/2022;Defender;Sevilla FC;2961;Brazil;34;3;0;0;0;14;26;4;1;0,09;0;0,09;987;0,79;114;87;740;0;0,12
Diego González;27;La Liga;2021/2022;Defender;Elche CF;1788;Spain;28;0;0;0;0;8;22;4;1;0;0;0;0;1,11;81;64;358;0;0,25
Diego José Conde Alcolado;23;La Liga;2021/2022;Goalkeeper;Getafe CF;5;Spain;1;0;0;0;0;1;0;0;0;0;0;0;0;0;0;5;0;0;0
Diego Lainez Leyva;21;La Liga;2021/2022;Forward;Real Betis;135;Mexico;7;0;0;0;0;3;2;0;0;0;0;0;0;1,33;68;19;0;0;0
Diego López Rodríguez;40;La Liga;2021/2022;Goalkeeper;RCD Espanyol;3179;Spain;36;0;0;0;0;10;45;4;0;0;0;0;0;1,27;71;88;795;0;0,11
Diego Rico;29;La Liga;2021/2022;Defender;Real Sociedad;1647;Spain;21;0;0;0;0;10;11;4;0;0;0;0;0;0,6;150;78;412;0;0,22
Dimitri Foulquier;29;La Liga;2021/2022;Defender;Valencia CF;2518;France;31;0;1;0;0;10;34;11;0;0,04;0,04;0;0;1,22;74;81;229;2518;0,39
Djene Dakonam;30;La Liga;2021/2022;Defender;Getafe CF;3117;Togo;35;0;1;0;0;13;34;12;1;0,03;0,03;0;0;0,98;92;89;240;3117;0,38
Domingos Sousa Coutinho Meneses Duarte;27;La Liga;2021/2022;Defender;Granada CF;1688;Portugal;21;1;0;0;0;5;29;8;1;0,05;0;0,05;1688;1,55;58;80;188;0;0,48
Dominik Greif;25;La Liga;2021/2022;Goalkeeper;RCD Mallorca;90;Slovakia;1;0;0;0;0;0;3;0;0;0;0;0;0;3;30;90;0;0;0
Douglas Matías Arezo Martínez;19;La Liga;2021/2022;Forward;Granada CF;156;Uruguay;8;0;0;0;0;0;2;1;0;0;0;0;0;1,15;78;20;156;0;0,58
Eden Hazard;31;La Liga;2021/2022;Midfielder;Real Madrid;712;Belgium;18;0;1;0;0;7;10;2;0;0,13;0,13;0;0;1,26;71;40;356;712;0,25
Éder Gabriel Militão;24;La Liga;2021/2022;Defender;Real Madrid;3033;Brazil;34;1;2;0;0;13;29;5;0;0,09;0,06;0,03;3033;0,86;105;89;607;1517;0,15
Edgar Antonio Méndez Ortega;31;La Liga;2021/2022;Midfielder;Deportivo Alavés;1612;Spain;32;1;1;0;0;5;33;6;0;0,11;0,06;0,06;1612;1,84;49;50;269;1612;0,33
Edgar Badía Guardiola;30;La Liga;2021/2022;Goalkeeper;Elche CF;2160;Spain;24;0;0;0;0;5;30;2;0;0;0;0;0;1,25;72;90;1080;0;0,08
Édgar González Estrada;25;La Liga;2021/2022;Defender;Real Betis;1457;Spain;21;1;1;0;0;7;20;6;0;0,12;0,06;0,06;1457;1,24;73;69;243;1457;0,37
Eduardo Camavinga;19;La Liga;2021/2022;Midfielder;Real Madrid;1230;France;26;2;1;0;0;11;13;9;0;0,22;0,07;0,15;615;0,95;95;47;137;1230;0,66
Emerson Aparecido Leite de Souza Junior;23;La Liga;2021/2022;Defender;FC Barcelona;90;Brazil;3;0;0;0;0;0;3;0;0;0;0;0;0;3;30;30;0;0;0
Enes Ünal;24;La Liga;2021/2022;Forward;Getafe CF;2811;Turkey;37;16;1;2;2;13;33;8;0;0,54;0,03;0,51;176;1,06;85;76;351;2811;0,26
Enis Bardhi;26;La Liga;2021/2022;Midfielder;Levante UD;1698;FYR Macedonia;30;3;3;2;0;5;41;3;0;0,32;0,16;0,16;566;2,17;41;57;566;566;0,16
Enric Franquesa Dolz;25;La Liga;2021/2022;Forward;Levante UD;617;Spain;16;0;0;0;0;4;11;1;0;0;0;0;0;1,6;56;39;617;0;0,15
Enrique Barja Afonso;25;La Liga;2021/2022;Forward;CA Osasuna;861;Spain;21;2;0;0;0;6;10;2;0;0,21;0;0,21;431;1,05;86;41;431;0;0,21
Enrique Pérez Muñoz;25;La Liga;2021/2022;Midfielder;Elche CF;518;Spain;12;2;0;0;0;2;5;1;0;0,35;0;0,35;259;0,87;104;43;518;0;0,17
Enzo Pablo Roco Roco;29;La Liga;2021/2022;Defender;Elche CF;2555;Chile;30;1;0;0;0;6;36;10;0;0,04;0;0,04;2555;1,27;71;85;256;0;0,35
Eray Cümart;24;La Liga;2021/2022;Defender;Valencia CF;407;Switzerland;8;0;0;0;0;2;6;2;0;0;0;0;0;1,33;68;51;204;0;0,44
Eric García Martret;21;La Liga;2021/2022;Defender;FC Barcelona;2043;Spain;26;0;0;0;0;6;19;6;1;0;0;0;0;0,84;108;79;292;0;0,31
Erick Cathriel Cabaco Almada;27;La Liga;2021/2022;Defender;Getafe CF;403;Uruguay;10;0;1;0;0;2;5;4;1;0,22;0,22;0;0;1,12;81;40;101;403;0,89
Erik Lamela;30;La Liga;2021/2022;Midfielder;Sevilla FC;1012;Argentina;20;5;2;0;0;10;5;5;0;0,62;0,18;0,44;202;0,44;202;51;202;506;0,44
Estanislau Pedrola Fortuny;18;La Liga;2021/2022;Forward;FC Barcelona;10;Spain;1;0;0;0;0;1;0;0;0;0;0;0;0;0;0;10;0;0;0
Esteban Ariel Saveljich;30;La Liga;2021/2022;Defender;Rayo Vallecano;1708;Montenegro;21;0;0;0;0;5;19;4;0;0;0;0;0;1;90;81;427;0;0,21
Etienne Capoue;33;La Liga;2021/2022;Midfielder;Villarreal;2297;France;30;1;1;0;0;10;19;9;0;0,08;0,04;0,04;2297;0,74;121;77;255;2297;0,35
Ezequiel Ponce Martínez;25;La Liga;2021/2022;Forward;Elche CF;686;Argentina;13;1;0;0;0;3;8;2;1;0,13;0;0,13;686;1,05;86;53;229;0;0,39
Facundo Pellistri Rebollo;20;La Liga;2021/2022;Midfielder;Deportivo Alavés;663;Uruguay;21;0;0;0;0;4;7;0;0;0;0;0;0;0,95;95;32;0;0;0
Federico San Emeterio Díaz;25;La Liga;2021/2022;Midfielder;Cádiz;836;Spain;12;0;0;0;0;6;9;3;0;0;0;0;0;0,97;93;70;279;0;0,32
Federico Valverde;23;La Liga;2021/2022;Midfielder;Real Madrid;1831;Uruguay;31;0;1;0;0;14;19;2;0;0,05;0,05;0;0;0,93;96;59;916;1831;0,1
Felipe Augusto de Almeida Monteiro;32;La Liga;2021/2022;Defender;Atlético Madrid;1495;Brazil;26;2;1;0;0;7;22;6;1;0,18;0,06;0,12;748;1,32;68;58;214;1495;0,42
Ferland Mendy;26;La Liga;2021/2022;Defender;Real Madrid;1739;France;22;2;1;0;0;10;11;4;0;0,16;0,05;0,1;870;0,57;158;79;435;1739;0,21
Fernando Calero Villa;26;La Liga;2021/2022;Defender;RCD Espanyol;1092;Spain;16;0;0;0;0;4;13;3;0;0;0;0;0;1,07;84;68;364;0;0,25
Fernando Francisco Reges;34;La Liga;2021/2022;Midfielder;Sevilla FC;1851;Brazil;24;1;1;0;0;12;16;6;0;0,1;0,05;0,05;1851;0,78;116;77;309;1851;0,29
Fernando Niño Rodriguez;21;La Liga;2021/2022;Forward;RCD Mallorca;877;Spain;23;2;0;0;0;5;13;2;0;0,21;0;0,21;439;1,33;67;38;439;0;0,21
Fernando Pacheco;29;La Liga;2021/2022;Goalkeeper;Deportivo Alavés;3054;Spain;34;0;0;0;0;6;54;1;0;0;0;0;0;1,59;57;90;3054;0;0,03
Ferran Jutlgà Blanc;23;La Liga;2021/2022;Midfielder;FC Barcelona;302;Spain;6;1;0;0;0;2;3;1;0;0,3;0;0,3;302;0,89;101;50;302;0;0,3
Ferrán Torres García;22;La Liga;2021/2022;Forward;FC Barcelona;1417;Spain;18;4;4;1;0;7;11;1;0;0,51;0,25;0,25;354;0,7;129;79;1417;354;0,06
Fidel Chaves de la Torre;32;La Liga;2021/2022;Midfielder;Elche CF;2281;Spain;33;5;6;1;0;7;28;9;0;0,43;0,24;0,2;456;1,1;81;69;253;380;0,36
Florentino Ibrain Morris Luis;22;La Liga;2021/2022;Midfielder;Getafe CF;983;Portugal;22;0;1;0;0;9;13;2;0;0,09;0,09;0;0;1,19;76;45;492;983;0,18
Florian Lejeune;30;La Liga;2021/2022;Defender;Deportivo Alavés;2700;France;30;0;0;0;0;4;48;9;1;0;0;0;0;1,6;56;90;300;0;0,3
Florin Andone;29;La Liga;2021/2022;Forward;Cádiz;173;Romania;5;0;0;0;0;0;4;1;0;0;0;0;0;2,08;43;35;173;0;0,52
Francis Coquelin;30;La Liga;2021/2022;Midfielder;Villarreal;825;France;20;2;1;0;0;7;7;3;0;0,33;0,11;0,22;413;0,76;118;41;275;825;0,33
Francisco Javier Hidalgo Gómez;28;La Liga;2021/2022;Midfielder;Levante UD;1976;Spain;26;1;0;0;0;5;35;6;1;0,05;0;0,05;1976;1,59;56;76;282;0;0,32
Francisco José Beltrán Peinado;23;La Liga;2021/2022;Midfielder;Celta de Vigo;2609;Spain;37;1;0;0;0;14;27;4;0;0,03;0;0,03;2609;0,93;97;71;652;0;0,14
Francisco José García Torres;22;La Liga;2021/2022;Midfielder;Rayo Vallecano;3027;Spain;34;1;0;0;0;9;37;4;0;0,03;0;0,03;3027;1,1;82;89;757;0;0,12
Francisco Mérida Pérez;32;La Liga;2021/2022;Midfielder;RCD Espanyol;262;Spain;10;0;0;0;0;3;4;3;1;0;0;0;0;1,37;66;26;66;0;1,37
Franco Emanuel Cervi;27;La Liga;2021/2022;Forward;Celta de Vigo;1808;Argentina;33;4;3;0;0;11;21;6;0;0,35;0,15;0,2;452;1,05;86;55;301;603;0,3
Franco Matías Russo Panos;27;La Liga;2021/2022;Defender;RCD Mallorca;1465;Argentina;19;1;0;0;0;7;13;7;2;0,06;0;0,06;1465;0,8;113;77;209;0;0,43
Frenkie de Jong;24;La Liga;2021/2022;Midfielder;FC Barcelona;2486;Netherlands;32;3;3;0;0;8;29;7;1;0,22;0,11;0,11;829;1,05;86;78;355;829;0,25
Gabriel Paulista;31;La Liga;2021/2022;Defender;Valencia CF;1596;Brazil;19;2;1;0;0;9;17;2;0;0,17;0,06;0,11;798;0,96;94;84;798;1596;0,11
Gabriel Veiga Novas;19;La Liga;2021/2022;Midfielder;Celta de Vigo;101;Spain;7;0;0;0;0;3;1;0;0;0;0;0;0;0,89;101;14;0;0;0
Gareth Bale;32;La Liga;2021/2022;Forward;Real Madrid;283;Wales;5;1;0;0;0;3;3;2;0;0,32;0;0,32;283;0,95;94;57;142;0;0,64
Geoffrey Kondogbia;29;La Liga;2021/2022;Midfielder;Atlético Madrid;1883;France;28;1;2;0;0;9;20;13;2;0,14;0,1;0,05;1883;0,96;94;67;145;942;0,62
Gerard Gumbau Garriga;27;La Liga;2021/2022;Midfielder;Elche CF;1889;Spain;31;0;4;0;0;6;30;9;1;0,19;0,19;0;0;1,43;63;61;189;472;0,48
Gerard Moreno;30;La Liga;2021/2022;Forward;Villarreal;1193;Spain;17;9;3;1;1;5;11;2;0;0,91;0,23;0,68;133;0,83;108;70;597;398;0,15
Gerard Piqué;35;La Liga;2021/2022;Defender;FC Barcelona;2096;Spain;27;1;0;0;0;10;18;10;1;0,04;0;0,04;2096;0,77;116;78;210;0;0,43
Germán Pezzella;30;La Liga;2021/2022;Defender;Real Betis;1991;Argentina;23;1;0;0;0;10;19;6;1;0,05;0;0,05;1991;0,86;105;87;284;0;0,32
Germán Sánchez Barahona;35;La Liga;2021/2022;Defender;Granada CF;2296;Spain;32;2;1;0;0;7;42;11;1;0,12;0,04;0,08;1148;1,65;55;72;209;2296;0,43
Germán Valera Karabinaite;20;La Liga;2021/2022;Forward;Real Sociedad;49;Spain;3;0;0;0;0;2;1;0;0;0;0;0;0;1,84;49;16;0;0;0
Gerónimo Rulli;29;La Liga;2021/2022;Goalkeeper;Villarreal;2880;Argentina;32;0;0;0;0;14;24;2;0;0;0;0;0;0,75;120;90;1440;0;0,06
Giorgi Mamardashvili;21;La Liga;2021/2022;Goalkeeper;Valencia CF;1620;Georgia;18;0;0;0;0;8;19;2;0;0;0;0;0;1,06;85;90;810;0;0,11
Giovani Lo Celso;26;La Liga;2021/2022;Midfielder;Villarreal;997;Argentina;16;1;1;0;0;5;7;2;0;0,18;0,09;0,09;997;0,63;142;62;499;997;0,18
Giovanni Alessandro González Apud;27;La Liga;2021/2022;Defender;RCD Mallorca;362;Uruguay;9;1;0;0;0;1;9;1;0;0,25;0;0,25;362;2,24;40;40;362;0;0,25
Gonçalo Guedes;25;La Liga;2021/2022;Midfielder;Valencia CF;2614;Portugal;36;11;6;1;1;11;38;3;0;0,59;0,21;0,38;238;1,31;69;73;871;436;0,1
Gonzalo Ariel Montiel;25;La Liga;2021/2022;Defender;Sevilla FC;1071;Argentina;18;1;2;0;0;7;11;7;0;0,25;0,17;0,08;1071;0,92;97;60;153;536;0,59
Gonzalo Cacicedo Verdú;33;La Liga;2021/2022;Defender;Elche CF;1399;Spain;19;0;0;0;0;8;13;11;0;0;0;0;0;0,84;108;74;127;0;0,71
Gonzalo Escalante;29;La Liga;2021/2022;Midfielder;Deportivo Alavés;1307;Argentina;17;5;0;0;0;3;24;8;1;0,34;0;0,34;261;1,65;54;77;163;0;0,55
Gonzalo Julián Melero Manzanares;28;La Liga;2021/2022;Midfielder;Levante UD;1697;Spain;29;7;2;2;0;5;34;5;0;0,48;0,11;0,37;242;1,8;50;59;339;849;0,27
Gonzalo Villar del Fraile;24;La Liga;2021/2022;Midfielder;Getafe CF;291;Spain;10;0;1;0;0;4;5;0;0;0,31;0,31;0;0;1,55;58;29;0;291;0
Gregorio Gracia Sánchez;19;La Liga;2021/2022;Midfielder;RCD Espanyol;8;Spain;1;0;0;0;0;1;0;1;0;0;0;0;0;0;0;8;8;0;11,25
Guido Marcelo Carrillo;30;La Liga;2021/2022;Forward;Elche CF;1157;Argentina;29;2;0;0;0;5;17;3;0;0,16;0;0,16;579;1,32;68;40;386;0;0,23
Guido Rodríguez;28;La Liga;2021/2022;Midfielder;Real Betis;2532;Argentina;32;1;2;0;0;12;24;9;1;0,11;0,07;0,04;2532;0,85;106;79;281;1266;0,32
Hector Bellerin;27;La Liga;2021/2022;Defender;Real Betis;1979;Spain;23;0;2;0;0;9;22;3;1;0,09;0,09;0;0;1;90;86;495;990;0,18
Héctor Miguel Herrera López;32;La Liga;2021/2022;Midfielder;Atlético Madrid;851;Mexico;21;0;0;0;0;6;7;4;0;0;0;0;0;0,74;122;41;213;0;0,42
Hélder Wander Sousa Azevedo Costa;28;La Liga;2021/2022;Midfielder;Valencia CF;1118;Portugal;22;0;1;0;0;7;22;3;0;0,08;0,08;0;0;1,77;51;51;373;1118;0,24
Helibelton Palacios Zapata;28;La Liga;2021/2022;Defender;Elche CF;1932;Colombia;26;0;0;0;0;5;25;6;0;0;0;0;0;1,16;77;74;322;0;0,28
Hugo Álvarez Antúnez;18;La Liga;2021/2022;Midfielder;Celta de Vigo;10;Spain;1;0;0;0;0;1;0;0;0;0;0;0;0;0;0;10;0;0;0
Hugo Duro Perales;22;La Liga;2021/2022;Forward;Valencia CF;1856;Spain;31;7;1;0;0;8;27;4;1;0,39;0,05;0,34;265;1,31;69;60;464;1856;0,19
Hugo Guillamón Sanmartín;22;La Liga;2021/2022;Defender;Valencia CF;2369;Spain;31;1;0;0;0;10;37;11;2;0,04;0;0,04;2369;1,41;64;76;197;0;0,46
Hugo Mallo;30;La Liga;2021/2022;Defender;Celta de Vigo;1830;Spain;21;1;1;0;0;7;24;7;2;0,1;0,05;0,05;1830;1,18;76;87;261;1830;0,34
Hugo Sotelo;18;La Liga;2021/2022;Midfielder;Celta de Vigo;1;Spain;1;0;0;0;0;0;0;0;0;0;0;0;0;0;0;1;0;0;0
Iago Aspas;34;La Liga;2021/2022;Forward;Celta de Vigo;3094;Spain;37;18;6;3;2;13;39;8;0;0,7;0,17;0,52;172;1,13;79;84;387;516;0,23
Iddrisu Baba Mohammed;26;La Liga;2021/2022;Midfielder;RCD Mallorca;1944;Ghana;26;1;1;0;0;6;29;9;0;0,09;0,05;0,05;1944;1,34;67;75;216;1944;0,42
Igor Zubeldia;25;La Liga;2021/2022;Midfielder;Real Sociedad;1648;Spain;26;0;1;0;0;10;23;7;0;0,05;0,05;0;0;1,26;72;63;235;1648;0,38
Iker Benito Sánchez;19;La Liga;2021/2022;Forward;CA Osasuna;116;Spain;4;0;0;0;0;1;4;1;0;0;0;0;0;3,1;29;29;116;0;0,78
Iker Muniain;29;La Liga;2021/2022;Forward;Athletic Club Bilbao;2803;Spain;35;4;10;1;2;11;26;3;0;0,45;0,32;0,13;701;0,83;108;80;934;280;0,1
Ilias Akhomach Chakkour;18;La Liga;2021/2022;Forward;FC Barcelona;126;Spain;2;0;0;0;0;2;0;0;0;0;0;0;0;0;0;63;0;0;0
Iñaki Williams;27;La Liga;2021/2022;Forward;Athletic Club Bilbao;2787;Spain;38;8;5;1;0;13;21;4;0;0,42;0,16;0,26;348;0,68;133;73;697;557;0,13
Íñigo Lekue;29;La Liga;2021/2022;Defender;Athletic Club Bilbao;1928;Spain;25;0;2;0;0;8;19;3;0;0,09;0,09;0;0;0,89;101;77;643;964;0,14
Iñigo Martínez;30;La Liga;2021/2022;Defender;Athletic Club Bilbao;2343;Spain;27;3;0;0;0;13;14;10;2;0,12;0;0,12;781;0,54;167;87;213;0;0,42
Iñigo Pérez Soto;34;La Liga;2021/2022;Midfielder;CA Osasuna;334;Spain;10;1;0;0;0;3;7;0;0;0,27;0;0,27;334;1,89;48;33;0;0;0
Iñigo Ruiz de Galarreta Etxeberria;28;La Liga;2021/2022;Midfielder;RCD Mallorca;1388;Spain;22;0;0;0;0;5;16;4;0;0;0;0;0;1,04;87;63;347;0;0,26
Isaac Carcelén Valencia;29;La Liga;2021/2022;Defender;Cádiz;1545;Spain;25;0;1;0;0;7;18;2;0;0,06;0,06;0;0;1,05;86;62;773;1545;0,12
Isaac Palazón Camacho;27;La Liga;2021/2022;Midfielder;Rayo Vallecano;2300;Spain;34;2;4;0;0;9;26;7;0;0,23;0,16;0,08;1150;1,02;88;68;329;575;0,27
Isco;30;La Liga;2021/2022;Midfielder;Real Madrid;323;Spain;14;1;0;0;0;5;2;1;0;0,28;0;0,28;323;0,56;162;23;323;0;0,28
Ismael Ruiz Sánchez;21;La Liga;2021/2022;Midfielder;Granada CF;282;Spain;8;0;0;0;0;3;4;1;0;0;0;0;0;1,28;71;35;282;0;0,32
Iván Alejo;27;La Liga;2021/2022;Midfielder;Cádiz;1067;Spain;20;2;2;0;0;10;7;7;0;0,34;0,17;0,17;534;0,59;152;53;152;534;0,59
Ivan Campeny;30;La Liga;2021/2022;Defender;Rayo Vallecano;3148;Albania;35;1;2;0;0;8;44;11;1;0,09;0,06;0,03;3148;1,26;72;90;262;1574;0,34
Iván Chapela López;22;La Liga;2021/2022;Forward;Cádiz;398;Spain;9;0;0;0;0;3;8;0;0;0;0;0;0;1,81;50;44;0;0;0
Iván José Marcone;31;La Liga;2021/2022;Midfielder;Elche CF;806;Argentina;20;0;0;0;0;4;13;5;0;0;0;0;0;1,45;62;40;161;0;0,56
Iván Martín Núñez;23;La Liga;2021/2022;Midfielder;Deportivo Alavés;165;Spain;6;0;0;0;0;0;3;0;0;0;0;0;0;1,64;55;28;0;0;0
Iván Martínez Gonzálvez;23;La Liga;2021/2022;Forward;CA Osasuna;15;Spain;6;0;0;0;0;1;0;0;0;0;0;0;0;0;0;3;0;0;0
Ivan Rakitić;34;La Liga;2021/2022;Midfielder;Sevilla FC;2186;Croatia;35;4;6;1;1;15;17;5;0;0,41;0,25;0,16;547;0,7;129;62;437;364;0,21
Iván Romero de Ávila Araque;21;La Liga;2021/2022;Forward;Sevilla FC;177;Spain;5;0;0;0;0;2;1;0;0;0;0;0;0;0,51;177;35;0;0;0
Jaime Mata Arnaiz;33;La Liga;2021/2022;Forward;Getafe CF;657;Spain;22;1;0;0;0;5;7;7;0;0,14;0;0,14;657;0,96;94;30;94;0;0,96
Jakub Jankto;26;La Liga;2021/2022;Midfielder;Getafe CF;583;Czech Republic;14;0;2;0;0;4;10;2;1;0,31;0,31;0;0;1,54;58;42;194;292;0,46
Jan Oblak;29;La Liga;2021/2022;Goalkeeper;Atlético Madrid;3420;Slovenia;38;0;0;0;0;12;38;1;0;0;0;0;0;1;90;90;3420;0;0,03
Jason Remeseiro;27;La Liga;2021/2022;Forward;Deportivo Alavés;755;Spain;19;0;1;0;0;4;13;3;0;0,12;0,12;0;0;1,55;58;40;252;755;0,36
Jasper Cillessen;33;La Liga;2021/2022;Goalkeeper;Valencia CF;1458;Netherlands;17;0;1;0;0;3;28;1;0;0,06;0,06;0;0;1,73;52;86;1458;1458;0,06
Jaume Costa;34;La Liga;2021/2022;Defender;RCD Mallorca;1830;Spain;25;0;4;0;0;7;28;6;1;0,2;0,2;0;0;1,38;65;73;261;458;0,34
Jaume Doménech;31;La Liga;2021/2022;Goalkeeper;Valencia CF;342;Spain;4;0;0;0;0;1;2;2;0;0;0;0;0;0,53;171;86;171;0;0,53
Jaume Grau Ciscar;25;La Liga;2021/2022;Midfielder;CA Osasuna;2;Spain;1;0;0;0;0;1;0;0;0;0;0;0;0;0;0;2;0;0;0
Javier Díaz Sánchez;24;La Liga;2021/2022;Goalkeeper;Sevilla FC;90;Spain;1;0;0;0;0;0;1;0;0;0;0;0;0;1;90;90;0;0;0
Javier Galán Gil;27;La Liga;2021/2022;Midfielder;Celta de Vigo;3300;Spain;37;0;3;0;0;13;41;9;0;0,08;0,08;0;0;1,12;80;89;367;1100;0,25
Javier López Carballo;20;La Liga;2021/2022;Defender;Deportivo Alavés;458;Spain;9;0;0;0;0;0;12;2;0;0;0;0;0;2,36;38;51;229;0;0,39
Javier Martínez Calvo;22;La Liga;2021/2022;Midfielder;CA Osasuna;869;Spain;26;1;1;0;0;11;14;1;0;0,21;0,1;0,1;869;1,45;62;33;869;869;0,1
Javier Ontiveros Parra;24;La Liga;2021/2022;Midfielder;CA Osasuna;36;Spain;3;0;0;0;0;0;1;0;0;0;0;0;0;2,5;36;12;0;0;0
Javier Pastore;32;La Liga;2021/2022;Midfielder;Elche CF;524;Argentina;13;0;0;0;0;1;9;3;1;0;0;0;0;1,55;58;40;131;0;0,69
Javier Puado Díaz;23;La Liga;2021/2022;Forward;RCD Espanyol;2257;Spain;30;4;1;0;0;7;34;5;0;0,2;0,04;0,16;564;1,36;66;75;451;2257;0,2
Javier Serrano Martínez;19;La Liga;2021/2022;Midfielder;Atlético Madrid;68;Spain;5;0;0;0;0;2;0;2;1;0;0;0;0;0;0;14;23;0;3,97
Jeison Murillo;29;La Liga;2021/2022;Defender;Celta de Vigo;1148;Colombia;19;0;0;0;0;6;20;6;1;0;0;0;0;1,57;57;60;164;0;0,55
Jens Jønsson;29;La Liga;2021/2022;Midfielder;Cádiz;1314;Denmark;22;0;1;0;0;6;18;3;0;0,07;0,07;0;0;1,23;73;60;438;1314;0,21
Jeremías Ledesma;29;La Liga;2021/2022;Goalkeeper;Cádiz;3420;Argentina;38;0;0;0;0;13;43;4;0;0;0;0;0;1,13;80;90;855;0;0,11
Jesús Areso Blanco;22;La Liga;2021/2022;Defender;CA Osasuna;188;Spain;3;0;0;0;0;0;5;1;0;0;0;0;0;2,39;38;63;188;0;0,48
Jesús Lázaro Owono Ngua Akeng;21;La Liga;2021/2022;Goalkeeper;Deportivo Alavés;90;Equatorial Guinea;1;0;0;0;0;0;1;0;0;0;0;0;0;1;90;90;0;0;0
Jesús Manuel Corona Ruíz;29;La Liga;2021/2022;Forward;Sevilla FC;1160;Mexico;18;2;4;0;0;6;9;2;0;0,47;0,31;0,16;580;0,7;129;64;580;290;0,16
Jesús Navas;36;La Liga;2021/2022;Midfielder;Sevilla FC;1786;Spain;25;0;3;0;0;10;14;4;0;0,15;0,15;0;0;0,71;128;71;447;595;0,2
Jesús Santiago Pérez;17;La Liga;2021/2022;Midfielder;Valencia CF;79;Spain;3;0;0;0;0;1;2;0;0;0;0;0;0;2,28;40;26;0;0;0
Jesús Vallejo Lázaro;25;La Liga;2021/2022;Defender;Real Madrid;342;Spain;5;0;0;0;0;2;2;1;0;0;0;0;0;0,53;171;68;342;0;0,26
Jesús Vázquez Alcalde;19;La Liga;2021/2022;Defender;Valencia CF;811;Spain;15;0;0;0;0;5;9;0;0;0;0;0;0;1;90;54;0;0;0
Joan García Pons;21;La Liga;2021/2022;Goalkeeper;RCD Espanyol;107;Spain;2;0;0;0;0;0;3;0;0;0;0;0;0;2,52;36;54;0;0;0
Joan Jordán;27;La Liga;2021/2022;Midfielder;Sevilla FC;2528;Spain;36;0;1;0;0;17;20;9;0;0,04;0,04;0;0;0,71;126;70;281;2528;0,32
João Félix Sequeira;22;La Liga;2021/2022;Forward;Atlético Madrid;1275;Portugal;24;8;4;0;0;6;18;3;1;0,85;0,28;0,56;159;1,27;71;53;425;319;0,21
Joaquín;40;La Liga;2021/2022;Midfielder;Real Betis;454;Spain;21;0;1;0;0;7;5;0;0;0,2;0,2;0;0;0,99;91;22;0;454;0
Joaquín José Marín Ruiz;32;La Liga;2021/2022;Defender;Granada CF;2305;Spain;32;0;1;0;0;7;36;11;0;0,04;0,04;0;0;1,41;64;72;210;2305;0,43
Jofre Carreras Pagès;20;La Liga;2021/2022;Forward;RCD Espanyol;17;Spain;3;0;1;0;0;0;0;0;0;5,29;5,29;0;0;0;0;6;0;17;0
Johan Mojica;29;La Liga;2021/2022;Defender;Elche CF;2857;Colombia;33;2;5;0;0;8;35;5;1;0,22;0,16;0,06;1429;1,1;82;87;476;571;0,19
John Guidetti;30;La Liga;2021/2022;Forward;Deportivo Alavés;273;Sweden;10;0;0;0;0;0;6;2;0;0;0;0;0;1,98;46;27;137;0;0,66
John Nwankwo Donald Okeh;21;La Liga;2021/2022;Midfielder;Elche CF;180;Spain;2;0;0;0;0;0;2;0;0;0;0;0;0;1;90;90;0;0;0
Jon Bautista Orgilles;26;La Liga;2021/2022;Forward;Real Sociedad;44;Spain;1;0;0;0;0;0;1;0;0;0;0;0;0;2,05;44;44;0;0;0
Jon Guridi Aldalur;27;La Liga;2021/2022;Midfielder;Real Sociedad;200;Spain;8;1;0;0;0;5;4;0;0;0,45;0;0,45;200;1,8;50;25;0;0;0
Jon Moncayola Tollar;23;La Liga;2021/2022;Midfielder;CA Osasuna;2923;Spain;36;2;3;0;0;12;38;3;0;0,15;0,09;0,06;1462;1,17;77;81;974;974;0,09
Jon Morcillo Conesa;23;La Liga;2021/2022;Forward;Athletic Club Bilbao;47;Spain;7;0;0;0;0;2;0;2;0;0;0;0;0;0;0;7;24;0;3,83
Jon Pacheco Dozagarat;21;La Liga;2021/2022;Defender;Real Sociedad;376;Spain;10;0;0;0;0;6;3;1;0;0;0;0;0;0,72;125;38;376;0;0,24
Jonás Ramalho;28;La Liga;2021/2022;Defender;CA Osasuna;245;Spain;3;0;0;0;0;1;2;0;0;0;0;0;0;0,73;123;82;0;0;0
Jonathan Cristian Silva;27;La Liga;2021/2022;Defender;Getafe CF;220;Argentina;9;0;0;0;0;0;6;4;0;0;0;0;0;2,45;37;24;55;0;1,64
Jordi Alba;33;La Liga;2021/2022;Defender;FC Barcelona;2648;Spain;30;2;10;0;0;6;30;11;0;0,41;0,34;0,07;1324;1,02;88;88;241;265;0,37
Jordi Mboula Queralt;23;La Liga;2021/2022;Forward;RCD Mallorca;433;Spain;11;0;0;0;0;4;5;2;0;0;0;0;0;1,04;87;39;217;0;0,42
Jorge Andújar Moreno;35;La Liga;2021/2022;Defender;Levante UD;114;Spain;6;1;0;0;0;2;2;1;0;0,79;0;0,79;114;1,58;57;19;114;0;0,79
Jorge Cuenca Barreno;22;La Liga;2021/2022;Defender;Getafe CF;2686;Spain;32;1;0;0;0;12;29;8;2;0,03;0;0,03;2686;0,97;93;84;269;0;0,34
Jorge De Frutos Sebastián;25;La Liga;2021/2022;Forward;Levante UD;1766;Spain;25;4;7;0;0;5;41;4;0;0,56;0,36;0,2;442;2,09;43;71;442;252;0,2
Jorge Miramón Santagertrudis;32;La Liga;2021/2022;Midfielder;Levante UD;1976;Spain;29;1;0;0;0;6;38;5;0;0,05;0;0,05;1976;1,73;52;68;395;0;0,23
Jorge Molina;40;La Liga;2021/2022;Forward;Granada CF;1957;Spain;35;10;5;0;1;6;32;2;0;0,69;0,23;0,46;196;1,47;61;56;979;391;0,09
José Ángel;32;La Liga;2021/2022;Defender;CA Osasuna;1082;Spain;23;1;1;0;0;6;20;3;1;0,17;0,08;0,08;1082;1,66;54;47;271;1082;0,33
José Ángel Pozo la Rosa;26;La Liga;2021/2022;Midfielder;Rayo Vallecano;68;Spain;5;0;0;0;0;0;1;0;0;0;0;0;0;1,32;68;14;0;0;0
José Antonio Fernández Pomares;32;La Liga;2021/2022;Midfielder;Elche CF;1195;Spain;31;2;3;0;0;6;19;2;0;0,38;0,23;0,15;598;1,43;63;39;598;398;0,15
José Antonio Morente Oliva;25;La Liga;2021/2022;Forward;Elche CF;1633;Spain;32;3;3;0;0;6;21;4;0;0,33;0,17;0,17;544;1,16;78;51;408;544;0,22
José Antonio Rodríguez Díaz;30;La Liga;2021/2022;Midfielder;Granada CF;2270;Spain;33;6;1;0;0;8;33;4;0;0,28;0,04;0,24;378;1,31;69;69;568;2270;0,16
Jose Campana;28;La Liga;2021/2022;Midfielder;Levante UD;1419;Spain;20;2;2;0;1;4;27;7;1;0,25;0,13;0,13;710;1,71;53;71;177;710;0,51
José Giménez;27;La Liga;2021/2022;Defender;Atlético Madrid;2047;Uruguay;24;1;1;0;0;10;19;8;0;0,09;0,04;0,04;2047;0,84;108;85;256;2047;0,35
José Juan Macías Guzmán;22;La Liga;2021/2022;Forward;Getafe CF;200;Mexico;7;0;0;0;0;0;3;1;0;0;0;0;0;1,35;67;29;200;0;0,45
José Luis García Vayá;23;La Liga;2021/2022;Midfielder;Levante UD;2015;Spain;29;0;0;0;0;5;35;9;0;0;0;0;0;1,56;58;69;224;0;0,4
José Luis Gayà;26;La Liga;2021/2022;Defender;Valencia CF;1875;Spain;24;2;4;0;0;7;31;9;2;0,29;0,19;0,1;938;1,49;60;78;188;469;0,48
José Luis Morales;34;La Liga;2021/2022;Midfielder;Levante UD;2725;Spain;35;13;7;3;2;7;51;7;0;0,66;0,23;0,43;210;1,68;53;78;389;389;0,23
José Luis Sanmartín Mato;32;La Liga;2021/2022;Forward;Deportivo Alavés;3125;Spain;37;14;4;6;1;6;52;0;0;0,52;0,12;0,4;223;1,5;60;84;0;781;0
José Manuel Calderón Portillo;22;La Liga;2021/2022;Midfielder;Real Betis;64;Spain;1;0;0;0;0;0;0;0;0;0;0;0;0;0;0;64;0;0;0
José Manuel Sánchez Guillén;25;La Liga;2021/2022;Defender;Elche CF;181;Spain;6;0;0;0;0;1;4;0;0;0;0;0;0;1,99;45;30;0;0;0
José María Martín-Bejarano Serrano;34;La Liga;2021/2022;Midfielder;Cádiz;384;Spain;11;0;0;0;0;6;3;3;1;0;0;0;0;0,7;128;35;128;0;0,7
José Raúl Gutiérrez Parejo;25;La Liga;2021/2022;Midfielder;Elche CF;1624;Spain;31;0;0;0;0;5;13;4;1;0;0;0;0;0,72;125;52;406;0;0,22
Joseba Zaldúa;29;La Liga;2021/2022;Defender;Real Sociedad;1170;Spain;24;0;0;0;0;12;16;6;0;0;0;0;0;1,23;73;49;195;0;0,46
Josep Antoni Gayá Martínez;21;La Liga;2021/2022;Defender;RCD Mallorca;59;Spain;1;0;0;0;0;0;4;0;0;0;0;0;0;6,1;15;59;0;0;0
Joseph Aidoo;26;La Liga;2021/2022;Defender;Celta de Vigo;2641;Ghana;32;0;0;0;0;11;29;1;0;0;0;0;0;0,99;91;83;2641;0;0,03
Juan Antonio Iglesias Sánchez;23;La Liga;2021/2022;Midfielder;Getafe CF;711;Spain;20;0;1;0;0;5;11;1;0;0,13;0,13;0;0;1,39;65;36;711;711;0,13
Juan Luis Sánchez Velasco;18;La Liga;2021/2022;Midfielder;Sevilla FC;4;Spain;1;0;0;0;0;0;0;1;0;0;0;0;0;0;0;4;4;0;22,5
Juan Manuel Pérez Ruiz;25;La Liga;2021/2022;Goalkeeper;CA Osasuna;180;Spain;2;0;0;0;0;0;3;0;0;0;0;0;0;1,5;60;90;0;0;0
Juan Marcos Foyth;24;La Liga;2021/2022;Defender;Villarreal;1931;Argentina;25;1;1;0;0;8;17;6;1;0,09;0,05;0,05;1931;0,79;114;77;322;1931;0,28
Juan Miguel Latasa Fernandez Layos;21;La Liga;2021/2022;Forward;Real Madrid;9;Spain;1;0;0;0;0;0;0;0;0;0;0;0;0;0;0;9;0;0;0
Juan Miranda González;22;La Liga;2021/2022;Defender;Real Betis;782;Spain;13;0;2;0;0;7;6;3;0;0,23;0,23;0;0;0,69;130;60;261;391;0,35
Juan Sastre Vanrell;25;La Liga;2021/2022;Defender;RCD Mallorca;254;Spain;7;0;0;0;0;2;9;1;0;0;0;0;0;3,19;28;36;254;0;0,35
Juanmi;28;La Liga;2021/2022;Forward;Real Betis;2148;Spain;33;16;4;0;0;12;20;5;0;0,84;0,17;0,67;134;0,84;107;65;430;537;0,21
Julen Agirrezabala Astúlez;21;La Liga;2021/2022;Goalkeeper;Athletic Club Bilbao;360;Spain;4;0;0;0;0;1;5;0;0;0;0;0;0;1,25;72;90;0;0;0
Julen Lobete Cienfuegos;21;La Liga;2021/2022;Forward;Real Sociedad;276;Spain;13;2;0;0;0;7;2;0;0;0,65;0;0,65;138;0,65;138;21;0;0;0
Jules Koundé;23;La Liga;2021/2022;Defender;Sevilla FC;2738;France;32;2;1;0;0;15;24;4;2;0,1;0,03;0,07;1369;0,79;114;86;456;2738;0,2
Júnior Wakalibille Lago;31;La Liga;2021/2022;Midfielder;RCD Mallorca;173;Côte d'Ivoire;6;0;0;0;0;2;5;0;0;0;0;0;0;2,6;35;29;0;0;0
Kangin Lee;21;La Liga;2021/2022;Midfielder;RCD Mallorca;1408;South Korea;30;1;2;0;0;5;25;3;1;0,19;0,13;0,06;1408;1,6;56;47;469;704;0,19
Karim Benzema;34;La Liga;2021/2022;Forward;Real Madrid;2603;France;32;27;12;7;4;14;22;0;0;1,35;0,41;0,93;96;0,76;118;81;0;217;0
Karim Rekik;27;La Liga;2021/2022;Defender;Sevilla FC;1093;Netherlands;18;0;2;0;0;10;8;2;0;0,16;0,16;0;0;0,66;137;61;547;547;0,16
Keidi Bare;24;La Liga;2021/2022;Midfielder;RCD Espanyol;1485;Albania;25;1;1;0;0;8;19;9;0;0,12;0,06;0,06;1485;1,15;78;59;165;1485;0,55
Kévin Rodrigues;28;La Liga;2021/2022;Defender;Rayo Vallecano;432;Portugal;13;0;0;0;0;2;12;0;0;0;0;0;0;2,5;36;33;0;0;0
Kevin Vázquez Comesaña;29;La Liga;2021/2022;Defender;Celta de Vigo;1339;Spain;17;0;1;0;0;6;14;3;0;0,07;0,07;0;0;0,94;96;79;446;1339;0,2
Kieran Trippier;31;La Liga;2021/2022;Defender;Atlético Madrid;978;England;15;0;0;0;0;5;12;1;0;0;0;0;0;1,1;82;65;978;0;0,09
Kike;32;La Liga;2021/2022;Forward;CA Osasuna;1858;Spain;33;5;1;1;0;11;29;2;0;0,29;0,05;0,24;372;1,4;64;56;929;1858;0,1
Kiko Casilla;35;La Liga;2021/2022;Goalkeeper;Elche CF;1260;Spain;14;0;0;0;0;3;16;3;0;0;0;0;0;1,14;79;90;420;0;0,21
Koba Lein Koindredi;20;La Liga;2021/2022;Midfielder;Valencia CF;175;France;10;0;0;0;0;1;3;1;0;0;0;0;0;1,54;58;18;175;0;0,51
Koke;30;La Liga;2021/2022;Midfielder;Atlético Madrid;2512;Spain;31;1;2;0;0;9;29;6;0;0,11;0,07;0,04;2512;1,04;87;81;419;1256;0,21
Landry Dimata;24;La Liga;2021/2022;Forward;RCD Espanyol;533;Belgium;17;0;0;0;0;5;8;0;0;0;0;0;0;1,35;67;31;0;0;0
Leandro Cabrera;30;La Liga;2021/2022;Defender;RCD Espanyol;3330;Uruguay;37;2;0;0;0;10;44;7;0;0,05;0;0,05;1665;1,19;76;90;476;0;0,19
Lei Wu;30;La Liga;2021/2022;Midfielder;RCD Espanyol;457;China;23;1;0;0;0;9;6;0;0;0,2;0;0,2;457;1,18;76;20;0;0;0
Lorenzo Jesús Morón García;28;La Liga;2021/2022;Forward;RCD Espanyol;553;Spain;22;1;0;0;0;4;8;0;0;0,16;0;0,16;553;1,3;69;25;0;0;0
Luca Zinedine Zidane;23;La Liga;2021/2022;Goalkeeper;Rayo Vallecano;646;France;8;0;0;0;0;0;13;1;1;0;0;0;0;1,81;50;81;323;0;0,28
Lucas Ariel Boyé;26;La Liga;2021/2022;Forward;Elche CF;1724;Argentina;24;7;3;0;0;5;24;3;0;0,52;0,16;0,37;246;1,25;72;72;575;575;0,16
Lucas Ocampos;27;La Liga;2021/2022;Midfielder;Sevilla FC;2126;Argentina;30;6;4;0;0;12;19;7;0;0,42;0,17;0,25;354;0,8;112;71;304;532;0,3
Lucas Perez;33;La Liga;2021/2022;Forward;Elche CF;2340;Spain;33;5;3;0;0;10;29;1;0;0,31;0,12;0,19;468;1,12;81;71;2340;780;0,04
Lucas René Olaza Catrofe;27;La Liga;2021/2022;Defender;Elche CF;293;Uruguay;5;1;0;0;0;2;4;1;0;0,31;0;0,31;293;1,23;73;59;293;0;0,31
Lucas Torró Marset;27;La Liga;2021/2022;Midfielder;CA Osasuna;2734;Spain;33;1;0;0;0;12;34;10;0;0,03;0;0,03;2734;1,12;80;83;273;0;0,33
Lucas Vázquez;30;La Liga;2021/2022;Midfielder;Real Madrid;1834;Spain;29;3;0;0;0;9;17;3;0;0,15;0;0,15;611;0,83;108;63;611;0;0,15
Ludwig Augustinsson;28;La Liga;2021/2022;Defender;Sevilla FC;790;Sweden;19;0;1;0;0;7;11;3;0;0,11;0,11;0;0;1,25;72;42;263;790;0,34
Luis Alfonso Abram Ugarelli;26;La Liga;2021/2022;Defender;Granada CF;560;Peru;8;0;0;0;0;1;5;2;0;0;0;0;0;0,8;112;70;280;0;0,32
Luis Alfonso Espino García;30;La Liga;2021/2022;Defender;Cádiz;3330;Uruguay;37;2;2;0;0;12;43;6;0;0,11;0,05;0,05;1665;1,16;77;90;555;1665;0,16
Luis Ezequiel Ávila;28;La Liga;2021/2022;Forward;CA Osasuna;1875;Argentina;36;6;1;1;0;11;21;9;1;0,34;0,05;0,29;313;1,01;89;52;208;1875;0,43
Luis Hernández;33;La Liga;2021/2022;Defender;Cádiz;1365;Spain;16;0;0;0;0;8;12;5;0;0;0;0;0;0,79;114;85;273;0;0,33
Luis Javier Suárez Charris;24;La Liga;2021/2022;Forward;Granada CF;2857;Colombia;37;8;4;0;1;8;46;6;0;0,38;0,13;0,25;357;1,45;62;77;476;714;0,19
Luis Jesús Rioja González;28;La Liga;2021/2022;Forward;Deportivo Alavés;3127;Spain;37;1;3;0;0;6;55;3;0;0,12;0,09;0,03;3127;1,58;57;85;1042;1042;0,09
Luis Manuel Arantes Maximiano;23;La Liga;2021/2022;Goalkeeper;Granada CF;3137;Portugal;35;0;0;0;0;7;50;2;0;0;0;0;0;1,43;63;90;1569;0;0,06
Luis Miguel Cruz Hernández;20;La Liga;2021/2022;Forward;Sevilla FC;11;Spain;2;0;0;0;0;1;0;0;0;0;0;0;0;0;0;6;0;0;0
Luis Milla Manzanares;27;La Liga;2021/2022;Midfielder;Granada CF;2784;Spain;34;3;3;3;0;8;40;4;0;0,19;0,1;0,1;928;1,29;70;82;696;928;0,13
Luis Suárez;35;La Liga;2021/2022;Forward;Atlético Madrid;1834;Uruguay;35;11;2;2;1;11;24;7;0;0,64;0,1;0,54;167;1,18;76;52;262;917;0,34
Luka Jović;24;La Liga;2021/2022;Forward;Real Madrid;357;Serbia;15;1;3;0;0;6;2;1;0;1,01;0,76;0,25;357;0,5;179;24;357;119;0,25
Luka Modrić;36;La Liga;2021/2022;Midfielder;Real Madrid;2049;Croatia;28;2;8;1;0;12;19;5;0;0,44;0,35;0,09;1025;0,83;108;73;410;256;0,22
Luuk de Jong;31;La Liga;2021/2022;Forward;FC Barcelona;641;Netherlands;21;6;0;0;0;7;2;1;0;0,84;0;0,84;107;0,28;321;31;641;0;0,14
Mamadou Loum Ndiaye;25;La Liga;2021/2022;Midfielder;Deportivo Alavés;2316;Senegal;32;2;0;0;0;4;40;10;0;0,08;0;0,08;1158;1,55;58;72;232;0;0,39
Mamadou Sylla Diallo;28;La Liga;2021/2022;Forward;Rayo Vallecano;635;Senegal;25;0;0;0;0;1;12;3;0;0;0;0;0;1,7;53;25;212;0;0,43
Manu Trigueros;30;La Liga;2021/2022;Midfielder;Villarreal;2191;Spain;35;6;4;0;0;14;20;3;0;0,41;0,16;0,25;365;0,82;110;63;730;548;0,12
Manuel García Alonso;24;La Liga;2021/2022;Midfielder;Deportivo Alavés;1072;Spain;24;0;1;0;0;5;13;3;0;0,08;0,08;0;0;1,09;82;45;357;1072;0,25
Manuel Javier Vallejo Galván;25;La Liga;2021/2022;Forward;Deportivo Alavés;453;Spain;20;1;1;0;0;2;13;3;0;0,4;0,2;0,2;453;2,58;35;23;151;453;0,6
Manuel Morlanes Ariño;23;La Liga;2021/2022;Midfielder;RCD Espanyol;1140;Spain;27;2;0;0;0;6;21;7;1;0,16;0;0,16;570;1,66;54;42;143;0;0,63
Manuel Reina Rodríguez;37;La Liga;2021/2022;Goalkeeper;RCD Mallorca;1890;Spain;21;0;0;0;0;8;20;6;1;0;0;0;0;0,95;95;90;270;0;0,33
Manuel Sánchez De La Peña;21;La Liga;2021/2022;Defender;CA Osasuna;2258;Spain;33;1;3;0;0;11;25;5;0;0,16;0,12;0,04;2258;1;90;68;452;753;0,2
Marc Bartra;31;La Liga;2021/2022;Defender;Real Betis;1994;Spain;23;1;0;0;0;8;23;5;0;0,05;0;0,05;1994;1,04;87;87;399;0;0,23
Marc Cucurella Saseta;23;La Liga;2021/2022;Defender;Getafe CF;22;Spain;1;0;0;0;0;0;0;0;0;0;0;0;0;0;0;22;0;0;0
Marc Pubill Pagès;18;La Liga;2021/2022;Midfielder;Levante UD;510;Spain;11;0;1;0;0;0;15;1;0;0,18;0,18;0;0;2,65;34;46;510;510;0,18
Marc Tenas Ureña;20;La Liga;2021/2022;Forward;Deportivo Alavés;51;Spain;3;0;0;0;0;0;1;2;0;0;0;0;0;1,76;51;17;26;0;3,53
Marc-André ter Stegen;30;La Liga;2021/2022;Goalkeeper;FC Barcelona;3150;Germany;35;0;0;0;0;11;32;3;0;0;0;0;0;0,91;98;90;1050;0;0,09
Marcelo;33;La Liga;2021/2022;Defender;Real Madrid;520;Brazil;12;0;2;0;0;8;0;0;0;0,35;0,35;0;0;0;0;43;0;260;0
Marcelo Josemir Saracchi Pintos;24;La Liga;2021/2022;Midfielder;Levante UD;186;Uruguay;4;0;1;0;0;0;4;2;0;0,48;0,48;0;0;1,94;47;47;93;186;0,97
Marco Asensio;26;La Liga;2021/2022;Midfielder;Real Madrid;1729;Spain;31;10;0;0;0;13;12;2;0;0,52;0;0,52;173;0,62;144;56;865;0;0,1
Marcos Acuña;30;La Liga;2021/2022;Midfielder;Sevilla FC;2265;Argentina;31;1;3;0;0;15;13;10;0;0,16;0,12;0,04;2265;0,52;174;73;227;755;0,4
Marcos André de Sousa Mendonça;25;La Liga;2021/2022;Forward;Valencia CF;958;Brazil;29;1;3;0;0;8;15;3;0;0,38;0,28;0,09;958;1,41;64;33;319;319;0,28
Marcos Llorente;27;La Liga;2021/2022;Midfielder;Atlético Madrid;2456;Spain;29;0;2;0;0;9;24;5;0;0,07;0,07;0;0;0,88;102;85;491;1228;0,18
Marcos Mauro López Gutiérrez;31;La Liga;2021/2022;Defender;Cádiz;134;Argentina;3;0;0;0;0;1;3;1;0;0;0;0;0;2,01;45;45;134;0;0,67
Mariano;28;La Liga;2021/2022;Forward;Real Madrid;337;Dominican Republic;9;1;1;0;0;2;4;2;0;0,53;0,27;0,27;337;1,07;84;37;169;337;0,53
Mario Dominguez;18;La Liga;2021/2022;Midfielder;Valencia CF;23;Spain;2;0;0;0;0;1;0;0;0;0;0;0;0;0;0;12;0;0;0
Mario Gaspar;31;La Liga;2021/2022;Defender;Villarreal;621;Spain;12;0;0;0;0;4;6;1;0;0;0;0;0;0,87;104;52;621;0;0,14
Mario Gila Fuentes;21;La Liga;2021/2022;Defender;Real Madrid;23;Spain;2;0;0;0;0;2;0;0;0;0;0;0;0;0;0;12;0;0;0
Mario Hermoso;26;La Liga;2021/2022;Defender;Atlético Madrid;1869;Spain;26;2;1;0;0;8;27;7;1;0,14;0,05;0,1;935;1,3;69;72;234;1869;0,39
Mario Hernández Hernández;23;La Liga;2021/2022;Defender;Rayo Vallecano;393;Spain;9;1;0;0;0;2;5;3;0;0,23;0;0,23;393;1,15;79;44;131;0;0,69
Mario Suárez Mata;35;La Liga;2021/2022;Midfielder;Rayo Vallecano;708;Spain;14;0;0;0;0;5;13;2;0;0;0;0;0;1,65;54;51;354;0;0,25
Marko Dmitrović;30;La Liga;2021/2022;Goalkeeper;Sevilla FC;540;Serbia;6;0;0;0;0;4;5;0;0;0;0;0;0;0,83;108;90;0;0;0
Martín Aguirregabiria Padilla;25;La Liga;2021/2022;Defender;Deportivo Alavés;1615;Spain;24;0;1;0;0;4;29;4;0;0,06;0,06;0;0;1,62;56;67;404;1615;0,22
Martin Braithwaite;30;La Liga;2021/2022;Forward;FC Barcelona;237;Denmark;4;2;1;0;0;1;4;0;0;1,14;0,38;0,76;119;1,52;59;59;0;237;0
Martín Cáceres;35;La Liga;2021/2022;Defender;Levante UD;669;Uruguay;10;0;0;0;0;3;12;2;0;0;0;0;0;1,61;56;67;335;0;0,27
Martín Manuel Calderón Gómez;23;La Liga;2021/2022;Midfielder;Cádiz;111;Spain;6;0;0;0;0;1;0;1;0;0;0;0;0;0;0;19;111;0;0,81
Martín Merquelanz Castellanos;26;La Liga;2021/2022;Midfielder;Rayo Vallecano;176;Spain;4;0;0;0;0;1;1;0;0;0;0;0;0;0,51;176;44;0;0;0
Martín Montoya;31;La Liga;2021/2022;Defender;Real Betis;519;Spain;6;0;1;0;0;0;8;2;0;0,17;0,17;0;0;1,39;65;87;260;519;0,35
Martin Valijent;26;La Liga;2021/2022;Defender;RCD Mallorca;3183;Slovakia;36;0;0;0;0;9;52;4;0;0;0;0;0;1,47;61;88;796;0;0,11
Martín Zubimendi Ibañez;23;La Liga;2021/2022;Midfielder;Real Sociedad;2583;Spain;36;2;1;0;0;19;26;4;0;0,1;0,03;0,07;1292;0,91;99;72;646;2583;0,14
Matheus Santos Carneiro Da Cunha;22;La Liga;2021/2022;Forward;Atlético Madrid;1050;Brazil;29;6;4;0;0;7;13;3;0;0,86;0,34;0,51;175;1,11;81;36;350;263;0,26
Mathew Ryan;30;La Liga;2021/2022;Goalkeeper;Real Sociedad;270;Australia;3;0;0;0;0;1;4;0;0;0;0;0;0;1,33;68;90;0;0;0
Mathías Olivera Miramontes;24;La Liga;2021/2022;Defender;Getafe CF;2807;Uruguay;32;1;3;0;0;14;26;10;0;0,13;0,1;0,03;2807;0,83;108;88;281;936;0,32
Matías Ezequiel Dituro;34;La Liga;2021/2022;Goalkeeper;Celta de Vigo;3420;Argentina;38;0;0;0;0;14;41;1;0;0;0;0;0;1,08;83;90;3420;0;0,03
Matt Miazga;26;La Liga;2021/2022;Defender;Deportivo Alavés;831;USA;11;0;0;0;0;3;13;2;0;0;0;0;0;1,41;64;76;416;0;0,22
Matthew Hoppe;21;La Liga;2021/2022;Defender;RCD Mallorca;129;USA;5;0;1;0;0;1;4;0;0;0,7;0,7;0;0;2,79;32;26;0;129;0
Mauro Arambarri;26;La Liga;2021/2022;Midfielder;Getafe CF;2667;Uruguay;31;0;5;0;0;14;24;13;0;0,17;0,17;0;0;0,81;111;86;205;533;0,44
Maxi Gómez;25;La Liga;2021/2022;Forward;Valencia CF;1959;Uruguay;29;5;1;0;0;10;25;7;1;0,28;0,05;0,23;392;1,15;78;68;280;1959;0,32
Maxime Gonalons;33;La Liga;2021/2022;Midfielder;Granada CF;1555;France;25;0;2;0;0;5;24;6;0;0,12;0,12;0;0;1,39;65;62;259;778;0,35
Memphis Depay;28;La Liga;2021/2022;Forward;FC Barcelona;1848;Netherlands;28;12;2;4;1;8;19;3;0;0,68;0,1;0,58;154;0,93;97;66;616;924;0,15
Mickaël Malsa;26;La Liga;2021/2022;Midfielder;Levante UD;1134;Martinique;26;1;2;0;0;6;28;7;0;0,24;0,16;0,08;1134;2,22;41;44;162;567;0,56
Miguel Baeza Pérez;22;La Liga;2021/2022;Midfielder;Celta de Vigo;1;Spain;1;0;0;0;0;0;0;0;0;0;0;0;0;0;0;1;0;0;0
Miguel De La Fuente Escudero;22;La Liga;2021/2022;Forward;Deportivo Alavés;826;Spain;22;1;1;0;0;4;11;2;0;0,22;0,11;0,11;826;1,2;75;38;413;826;0,22
Miguel Gutiérrez Ortega;20;La Liga;2021/2022;Defender;Real Madrid;262;Spain;3;0;1;0;0;1;3;1;0;0,34;0,34;0;0;1,03;87;87;262;262;0,34
Miguel Juan Llambrich;26;La Liga;2021/2022;Defender;RCD Espanyol;70;Spain;2;0;0;0;0;1;2;0;0;0;0;0;0;2,57;35;35;0;0;0
Mikel Balenziaga;34;La Liga;2021/2022;Defender;Athletic Club Bilbao;2026;Spain;26;0;0;0;0;10;21;2;0;0;0;0;0;0,93;96;78;1013;0;0,09
Mikel Merino;25;La Liga;2021/2022;Midfielder;Real Sociedad;2896;Spain;34;3;2;0;0;19;21;8;0;0,16;0,06;0,09;965;0,65;138;85;362;1448;0,25
Mikel Oyarzabal;25;La Liga;2021/2022;Forward;Real Sociedad;1673;Spain;22;9;3;4;1;13;21;1;1;0,65;0,16;0,48;186;1,13;80;76;837;558;0,11
Mikel Vesga;29;La Liga;2021/2022;Midfielder;Athletic Club Bilbao;1361;Spain;32;2;0;0;0;11;14;7;2;0,13;0;0,13;681;0,93;97;43;194;0;0,46
Milutin Osmajić;22;La Liga;2021/2022;Midfielder;Cádiz;251;Montenegro;10;0;0;0;0;1;3;0;0;0;0;0;0;1,08;84;25;0;0;0
Moisés Gómez Bordonado;27;La Liga;2021/2022;Midfielder;Villarreal;1280;Spain;29;2;2;0;0;12;13;2;0;0,28;0,14;0,14;640;0,91;98;44;640;640;0,14
Moriba Kourouma Kourouma;19;La Liga;2021/2022;Midfielder;Valencia CF;819;Spain;14;0;0;0;0;7;10;9;1;0;0;0;0;1,1;82;59;91;0;0,99
Mouctar Diakhaby;25;La Liga;2021/2022;Defender;Valencia CF;1944;France;29;0;1;0;0;11;31;11;0;0,05;0,05;0;0;1,44;63;67;177;1944;0,51
Munir;26;La Liga;2021/2022;Forward;Sevilla FC;466;Spain;16;2;0;0;0;8;5;3;0;0,39;0;0,39;233;0,97;93;29;155;0;0,58
Myrto Uzuni;26;La Liga;2021/2022;Forward;Granada CF;858;Albania;15;1;1;0;0;4;15;4;0;0,21;0,1;0,1;858;1,57;57;57;215;858;0,42
Nabil Fekir;28;La Liga;2021/2022;Forward;Real Betis;2812;France;34;6;8;0;0;11;30;8;1;0,45;0,26;0,19;469;0,96;94;83;312;352;0,29
Nacho Fernandez;32;La Liga;2021/2022;Defender;Real Madrid;1547;Spain;28;3;0;0;0;11;19;7;0;0,17;0;0,17;516;1,11;81;55;221;0;0,41
Nacho Vidal;27;La Liga;2021/2022;Defender;CA Osasuna;2906;Spain;35;0;1;0;0;11;36;9;0;0,03;0,03;0;0;1,11;81;83;323;2906;0,28
Nahuel Tenaglia;26;La Liga;2021/2022;Defender;Deportivo Alavés;1073;Argentina;14;0;0;0;0;2;18;2;0;0;0;0;0;1,51;60;77;537;0;0,17
Naïs Djouahra;22;La Liga;2021/2022;Midfielder;Real Sociedad;214;France;7;0;0;0;0;3;4;0;0;0;0;0;0;1,68;54;31;0;0;0
Nemanja Gudelj;30;La Liga;2021/2022;Midfielder;Sevilla FC;1038;Serbia;21;0;0;0;0;10;7;5;0;0;0;0;0;0,61;148;49;208;0;0,43
Nemanja Maksimović;27;La Liga;2021/2022;Midfielder;Getafe CF;2943;Serbia;35;1;1;0;0;13;33;4;0;0,06;0,03;0,03;2943;1,01;89;84;736;2943;0,12
Nemanja Radoja;29;La Liga;2021/2022;Midfielder;Levante UD;1224;Serbia;19;0;0;0;0;4;27;3;0;0;0;0;0;1,99;45;64;408;0;0,22
Néstor Alejandro Araújo Razo;30;La Liga;2021/2022;Defender;Celta de Vigo;2615;Mexico;34;0;0;0;0;13;29;4;0;0;0;0;0;1;90;77;654;0;0,14
Neto;32;La Liga;2021/2022;Goalkeeper;FC Barcelona;270;Brazil;3;0;0;0;0;0;4;0;0;0;0;0;0;1,33;68;90;0;0;0
Nicholas Williams Arthuer;19;La Liga;2021/2022;Forward;Athletic Club Bilbao;1324;Spain;34;0;0;0;0;12;10;4;0;0;0;0;0;0,68;132;39;331;0;0,27
Nicolás González Iglesias;20;La Liga;2021/2022;Midfielder;FC Barcelona;1109;Spain;27;2;1;0;0;8;10;6;0;0,24;0,08;0,16;555;0,81;111;41;185;1109;0,49
Nicolas Jackson;20;La Liga;2021/2022;Forward;Villarreal;156;Senegal;9;0;0;0;0;4;2;1;0;0;0;0;0;1,15;78;17;156;0;0,58
Nicolás Melamed Ribaudo;21;La Liga;2021/2022;Midfielder;RCD Espanyol;1099;Spain;31;2;0;0;0;9;12;5;1;0,16;0;0,16;550;0,98;92;35;220;0;0,41
Nicolás Serrano Galdeano;19;La Liga;2021/2022;Forward;Athletic Club Bilbao;308;Spain;14;1;0;0;0;4;3;0;0;0,29;0;0,29;308;0,88;103;22;0;0;0
Nikola Maraš;26;La Liga;2021/2022;Defender;Rayo Vallecano;1041;Serbia;16;0;0;0;0;4;16;4;0;0;0;0;0;1,38;65;65;260;0;0,35
Nikola Vukčević;30;La Liga;2021/2022;Midfielder;Levante UD;112;Montenegro;6;0;0;0;0;3;2;1;0;0;0;0;0;1,61;56;19;112;0;0,8
Njegoš Petrović;22;La Liga;2021/2022;Midfielder;Granada CF;918;Serbia;15;0;1;0;0;3;20;5;0;0,1;0,1;0;0;1,96;46;61;184;918;0,49
Nolito;35;La Liga;2021/2022;Forward;Celta de Vigo;1380;Spain;32;2;0;0;0;12;18;1;0;0,13;0;0,13;690;1,17;77;43;1380;0;0,07
Ohian Sancet Tirapu;22;La Liga;2021/2022;Midfielder;Athletic Club Bilbao;1424;Spain;27;6;4;0;0;7;15;2;0;0,63;0,25;0,38;237;0,95;95;53;712;356;0,13
Oier Olazábal Paredes;32;La Liga;2021/2022;Goalkeeper;RCD Espanyol;134;Spain;2;0;0;0;0;1;0;0;0;0;0;0;0;0;0;67;0;0;0
Oier Sanjurjo Mate;35;La Liga;2021/2022;Defender;CA Osasuna;748;Spain;25;1;0;0;0;9;12;3;0;0,12;0;0,12;748;1,44;62;30;249;0;0,36
Oier Zarraga Egaña;23;La Liga;2021/2022;Midfielder;Athletic Club Bilbao;1149;Spain;31;1;0;1;0;12;11;5;0;0,08;0;0,08;1149;0,86;104;37;230;0;0,39
Okay Yokuşlu;28;La Liga;2021/2022;Midfielder;Getafe CF;594;Turkey;19;0;0;0;0;11;3;1;0;0;0;0;0;0,45;198;31;594;0;0,15
Óliver Torres Muñoz;27;La Liga;2021/2022;Midfielder;Sevilla FC;1004;Spain;26;2;3;0;0;11;14;2;0;0,45;0,27;0,18;502;1,25;72;39;502;335;0,18
Omar Faraj;20;La Liga;2021/2022;Forward;Levante UD;3;Sweden;1;0;0;0;0;0;0;0;0;0;0;0;0;0;0;3;0;0;0
Omar Federico Alderete Fernández;25;La Liga;2021/2022;Defender;Valencia CF;2411;Paraguay;29;2;0;0;0;10;33;15;0;0,07;0;0,07;1206;1,23;73;83;161;0;0,56
Omar Mascarell González;29;La Liga;2021/2022;Midfielder;Elche CF;2504;Spain;32;0;0;0;0;6;36;6;0;0;0;0;0;1,29;70;78;417;0;0,22
Orbelín Pineda Alvarado;26;La Liga;2021/2022;Midfielder;Celta de Vigo;94;Mexico;7;0;0;0;0;2;1;0;0;0;0;0;0;0,96;94;13;0;0;0
Óscar de Marcos;33;La Liga;2021/2022;Defender;Athletic Club Bilbao;1684;Spain;22;1;2;0;0;7;10;5;0;0,16;0,11;0,05;1684;0,53;168;77;337;842;0,27
Óscar Esau Duarte Gaitán;32;La Liga;2021/2022;Defender;Levante UD;1775;Costa Rica;23;2;0;0;0;4;33;5;0;0,1;0;0,1;888;1,67;54;77;355;0;0,25
Óscar Guido Trejo;34;La Liga;2021/2022;Forward;Rayo Vallecano;2022;Argentina;32;3;9;3;0;9;20;13;0;0,53;0,4;0,13;674;0,89;101;63;156;225;0,58
Óscar Melendo Jiménez;24;La Liga;2021/2022;Midfielder;RCD Espanyol;997;Spain;21;0;0;0;0;3;18;0;0;0;0;0;0;1,62;55;47;0;0;0
Óscar Mingueza García;22;La Liga;2021/2022;Defender;FC Barcelona;890;Spain;19;0;1;0;0;6;9;2;0;0,1;0,1;0;0;0,91;99;47;445;890;0,2
Óscar Rodríguez Arnaiz;23;La Liga;2021/2022;Midfielder;Getafe CF;1356;Spain;29;0;1;0;0;15;11;4;0;0,07;0,07;0;0;0,73;123;47;339;1356;0,27
Óscar Valentín Martín Luengo;27;La Liga;2021/2022;Midfielder;Rayo Vallecano;2579;Spain;35;0;0;0;0;8;36;8;0;0;0;0;0;1,26;72;74;322;0;0,28
Ousmane Dembélé;24;La Liga;2021/2022;Midfielder;FC Barcelona;1412;France;21;1;13;0;0;5;14;3;0;0,89;0,83;0,06;1412;0,89;101;67;471;109;0,19
Oussama Idrissi;26;La Liga;2021/2022;Forward;Cádiz;1035;Netherlands;17;1;1;0;0;8;12;3;0;0,17;0,09;0,09;1035;1,04;86;61;345;1035;0,26
Pablo Maffeo;24;La Liga;2021/2022;Defender;RCD Mallorca;2952;Spain;35;1;3;0;0;9;42;10;0;0,12;0,09;0,03;2952;1,28;70;84;295;984;0,3
Pablo Martín Páez Gavira;17;La Liga;2021/2022;Midfielder;FC Barcelona;2330;Spain;34;2;5;0;0;9;27;11;1;0,27;0,19;0,08;1165;1,04;86;69;212;466;0,42
Pablo Martínez Andrés;24;La Liga;2021/2022;Midfielder;Levante UD;655;Spain;13;0;1;0;0;1;12;2;0;0,14;0,14;0;0;1,65;55;50;328;655;0,27
Pablo Piatti;33;La Liga;2021/2022;Midfielder;Elche CF;307;Argentina;10;0;0;0;0;3;5;0;0;0;0;0;0;1,47;61;31;0;0;0
Paco Alcácer;28;La Liga;2021/2022;Forward;Villarreal;790;Spain;18;1;3;0;0;6;9;1;0;0,46;0,34;0,11;790;1,03;88;44;790;263;0,11
Pathé Ciss;28;La Liga;2021/2022;Midfielder;Rayo Vallecano;1086;Senegal;31;2;1;0;0;9;13;5;0;0,25;0,08;0,17;543;1,08;84;35;217;1086;0,41
Pau Francisco Torres;25;La Liga;2021/2022;Defender;Villarreal;2858;Spain;33;5;1;0;0;11;29;5;0;0,19;0,03;0,16;572;0,91;99;87;572;2858;0,16
Paul Edgar Akouokou;24;La Liga;2021/2022;Midfielder;Real Betis;518;Côte d'Ivoire;8;0;0;0;0;4;3;3;1;0;0;0;0;0,52;173;65;130;0;0,69
Pedro Alberto Benito Ponomar;22;La Liga;2021/2022;Forward;Cádiz;30;Spain;1;0;0;0;0;1;0;0;0;0;0;0;0;0;0;30;0;0;0
Pedro Bigas;31;La Liga;2021/2022;Defender;Elche CF;1556;Spain;19;1;0;0;0;4;23;6;0;0,06;0;0,06;1556;1,33;68;82;259;0;0,35
Pedro González López;19;La Liga;2021/2022;Midfielder;FC Barcelona;890;Spain;12;3;1;0;0;5;9;0;0;0,4;0,1;0,3;297;0,91;99;74;0;890;0
Pere Milla Peña;29;La Liga;2021/2022;Forward;Elche CF;1637;Spain;32;8;3;0;0;7;21;5;0;0,6;0,16;0,44;205;1,15;78;51;327;546;0,27
Pere Pons;29;La Liga;2021/2022;Midfielder;Deportivo Alavés;1374;Spain;27;1;0;0;0;3;25;2;0;0,07;0;0,07;1374;1,64;55;51;687;0;0,13
Pervis Josué Estupiñán Tenorio;24;La Liga;2021/2022;Defender;Villarreal;1573;Ecuador;28;0;1;0;0;10;15;3;0;0,06;0,06;0;0;0,86;105;56;524;1573;0,17
Peter Federico Gonzalez Carmona;19;La Liga;2021/2022;Midfielder;Real Madrid;24;Spain;3;0;0;0;0;1;0;0;0;0;0;0;0;0;0;8;0;0;0
Philippe Coutinho;29;La Liga;2021/2022;Midfielder;FC Barcelona;499;Brazil;12;2;0;1;0;3;6;1;0;0,36;0;0,36;250;1,08;83;42;499;0;0,18
Pierre-Emerick Aubameyang;32;La Liga;2021/2022;Forward;FC Barcelona;1092;Gabon;17;11;1;0;0;6;10;0;0;0,99;0,08;0,91;99;0,82;109;64;0;1092;0
Portu;29;La Liga;2021/2022;Midfielder;Real Sociedad;1587;Spain;37;1;2;1;0;20;13;5;0;0,17;0,11;0,06;1587;0,74;122;43;317;794;0,28
Radamel Falcao;36;La Liga;2021/2022;Forward;Rayo Vallecano;831;Colombia;22;6;0;0;0;6;11;1;0;0,65;0;0,65;139;1,19;76;38;831;0;0,11
Rafael Alcântara do Nascimento;29;La Liga;2021/2022;Midfielder;Real Sociedad;1059;Brazil;17;1;0;0;0;9;10;3;0;0,08;0;0,08;1059;0,85;106;62;353;0;0,25
Rafael Jiménez Jarque;28;La Liga;2021/2022;Midfielder;Cádiz;1810;Spain;28;0;2;0;0;10;19;6;0;0,1;0,1;0;0;0,94;95;65;302;905;0,3
Rafael Mir Vicente;24;La Liga;2021/2022;Forward;Sevilla FC;1802;Spain;34;10;0;0;0;14;21;6;0;0,5;0;0,5;180;1,05;86;53;300;0;0,3
Ramón Rodríguez Jiménez;22;La Liga;2021/2022;Midfielder;Granada CF;665;Spain;14;0;0;0;0;3;10;4;1;0;0;0;0;1,35;67;48;133;0;0,68
Randy Ntekja;24;La Liga;2021/2022;Midfielder;Rayo Vallecano;1459;Spain;34;3;0;0;0;9;19;3;0;0,19;0;0,19;486;1,17;77;43;486;0;0,19
Raúl Albiol;36;La Liga;2021/2022;Defender;Villarreal;2467;Spain;28;0;0;0;0;12;21;8;0;0;0;0;0;0,77;117;88;308;0;0,29
Raúl de Tomás Gómez;27;La Liga;2021/2022;Forward;RCD Espanyol;2927;Spain;34;17;3;5;0;9;41;8;2;0,61;0,09;0,52;172;1,26;71;86;325;976;0,28
Raúl García;35;La Liga;2021/2022;Midfielder;Athletic Club Bilbao;1814;Spain;35;6;2;0;1;12;16;3;0;0,4;0,1;0,3;302;0,79;113;52;605;907;0,15
Raúl Parra Artal;22;La Liga;2021/2022;Defender;Cádiz;88;Spain;2;0;0;0;0;1;0;0;0;0;0;0;0;0;0;44;0;0;0
Raúl Torrente Navarro;21;La Liga;2021/2022;Defender;Granada CF;1282;Spain;18;0;0;0;0;3;19;5;0;0;0;0;0;1,33;67;71;256;0;0,35
Reinildo Isnard Mandava;28;La Liga;2021/2022;Defender;Atlético Madrid;1300;Mozambique;17;0;0;0;0;6;11;5;0;0;0;0;0;0,76;118;76;260;0;0,35
Renan Augusto Lodi dos Santos;24;La Liga;2021/2022;Defender;Atlético Madrid;1173;Brazil;29;2;2;0;0;10;11;5;0;0,31;0,15;0,15;587;0,84;107;40;235;587;0,38
Renato Fabrizio Tapia Cortijo;26;La Liga;2021/2022;Midfielder;Celta de Vigo;1404;Peru;29;0;0;0;0;12;17;10;0;0;0;0;0;1,09;83;48;140;0;0,64
Ricard Puig Martí;22;La Liga;2021/2022;Midfielder;FC Barcelona;473;Spain;15;1;0;0;0;6;3;0;0;0,19;0;0,19;473;0,57;158;32;0;0;0
Rober;27;La Liga;2021/2022;Defender;Levante UD;2009;Spain;27;1;0;0;0;4;36;5;1;0,04;0;0,04;2009;1,61;56;74;402;0;0,22
Robert Ibáñez Castro;29;La Liga;2021/2022;Midfielder;CA Osasuna;91;Spain;4;0;0;0;0;0;3;0;0;0;0;0;0;2,97;30;23;0;0;0
Robert Navarro Muñoz;20;La Liga;2021/2022;Midfielder;Real Sociedad;199;Spain;6;0;0;0;0;2;3;0;0;0;0;0;0;1,36;66;33;0;0;0
Roberto González Bayón;21;La Liga;2021/2022;Forward;Real Betis;132;Spain;4;0;0;0;0;1;1;0;0;0;0;0;0;0,68;132;33;0;0;0
Roberto Soldado Rillo;36;La Liga;2021/2022;Forward;Levante UD;678;Spain;18;3;2;0;0;4;13;8;2;0,66;0,27;0,4;226;1,73;52;38;75;339;1,19
Roberto Torres Morales;33;La Liga;2021/2022;Midfielder;CA Osasuna;798;Spain;28;2;2;2;0;6;12;3;0;0,45;0,23;0,23;399;1,35;67;29;266;399;0,34
Robin Aime Robert Le Normand;25;La Liga;2021/2022;Defender;Real Sociedad;3330;France;37;1;1;0;0;19;33;7;0;0,05;0,03;0,03;3330;0,89;101;90;476;3330;0,19
Rodrigo Andrés Battaglia;30;La Liga;2021/2022;Midfielder;RCD Mallorca;1172;Argentina;26;0;0;0;0;8;21;5;1;0;0;0;0;1,61;56;45;234;0;0,38
Rodrigo De Paul;27;La Liga;2021/2022;Midfielder;Atlético Madrid;2154;Argentina;36;3;1;0;0;11;23;7;0;0,17;0,04;0,13;718;0,96;94;60;308;2154;0,29
Rodrigo Sánchez Rodriguez;21;La Liga;2021/2022;Forward;Real Betis;880;Spain;21;1;2;0;0;7;13;0;0;0,31;0,2;0,1;880;1,33;68;42;0;440;0
Rodrygo Silva de Goes;21;La Liga;2021/2022;Midfielder;Real Madrid;1526;Brazil;33;4;4;0;0;15;13;3;0;0,47;0,24;0,24;382;0,77;117;46;509;382;0,18
Roger Martí Salvador;31;La Liga;2021/2022;Forward;Levante UD;2124;Spain;29;7;3;1;2;6;40;8;0;0,42;0,13;0,3;303;1,69;53;73;266;708;0,34
Ronald Federico Araújo da Silva;23;La Liga;2021/2022;Defender;FC Barcelona;2270;Uruguay;30;4;0;0;0;9;28;6;0;0,16;0;0,16;568;1,11;81;76;378;0;0,24
Rubén Alcaraz Jiménez;31;La Liga;2021/2022;Midfielder;Cádiz;1105;Spain;14;2;0;0;0;7;11;7;0;0,16;0;0,16;553;0,9;100;79;158;0;0,57
Rubén Duarte;26;La Liga;2021/2022;Defender;Deportivo Alavés;2629;Spain;34;0;4;0;0;6;40;12;1;0,14;0,14;0;0;1,37;66;77;219;657;0,41
Rubén García Santos;28;La Liga;2021/2022;Forward;CA Osasuna;2398;Spain;37;1;6;0;2;12;36;1;0;0,26;0,23;0,04;2398;1,35;67;65;2398;400;0,04
Rubén Iranzo Lendínez;19;La Liga;2021/2022;Defender;Valencia CF;134;Spain;4;0;0;0;0;0;5;2;0;0;0;0;0;3,36;27;34;67;0;1,34
Rubén Peña;30;La Liga;2021/2022;Midfielder;Villarreal;127;Spain;7;0;0;0;0;6;0;1;0;0;0;0;0;0;0;18;127;0;0,71
Rubén Rochina Naixes;31;La Liga;2021/2022;Forward;Granada CF;739;Spain;15;1;3;0;0;3;12;3;0;0,49;0,37;0,12;739;1,46;62;49;246;246;0,37
Rubén Sobrino;29;La Liga;2021/2022;Forward;Cádiz;1868;Spain;34;4;1;0;0;12;29;4;0;0,24;0,05;0,19;467;1,4;64;55;467;1868;0,19
Rúben Vezo;28;La Liga;2021/2022;Defender;Levante UD;2419;Portugal;32;0;0;0;0;5;51;4;0;0;0;0;0;1,9;47;76;605;0;0,15
Rui Tiago Dantas da Silva;28;La Liga;2021/2022;Goalkeeper;Real Betis;1963;Portugal;22;0;0;0;0;8;20;2;0;0;0;0;0;0,92;98;89;982;0;0,09
Salvador Sánchez Ponce;31;La Liga;2021/2022;Midfielder;Cádiz;1401;Spain;23;2;1;0;1;7;19;3;1;0,19;0,06;0,13;701;1,22;74;61;467;1401;0,19
Salvador Sevilla López;38;La Liga;2021/2022;Midfielder;RCD Mallorca;1510;Spain;28;5;3;4;0;5;23;2;0;0,48;0,18;0,3;302;1,37;66;54;755;503;0,12
Samuel Chimerenka Chukwueze;22;La Liga;2021/2022;Midfielder;Villarreal;1327;Nigeria;27;3;3;0;0;8;13;4;0;0,41;0,2;0,2;442;0,88;102;49;332;442;0,27
Samuel Umtiti;28;La Liga;2021/2022;Defender;FC Barcelona;90;France;1;0;0;0;0;0;2;1;0;0;0;0;0;2;45;90;90;0;1
Sandro Ramirez;26;La Liga;2021/2022;Forward;Getafe CF;1470;Spain;29;3;0;0;0;12;14;7;0;0,18;0;0,18;490;0,86;105;51;210;0;0,43
Santi Mina;26;La Liga;2021/2022;Forward;Celta de Vigo;2380;Spain;33;7;3;0;1;12;25;4;0;0,38;0,11;0,26;340;0,95;95;72;595;793;0,15
Santiago Arias Naranjo;30;La Liga;2021/2022;Defender;Granada CF;434;Colombia;12;1;0;0;0;1;8;1;0;0,21;0;0,21;434;1,66;54;36;434;0;0,21
Santiago Arzamendia Duarte;25;La Liga;2021/2022;Midfielder;Cádiz;464;Paraguay;14;1;0;0;0;6;6;2;0;0,19;0;0,19;464;1,16;77;33;232;0;0,39
Santiago Comesaña Veiga;25;La Liga;2021/2022;Midfielder;Rayo Vallecano;2697;Spain;35;1;2;0;0;8;33;12;1;0,1;0,07;0,03;2697;1,1;82;77;225;1349;0,4
Saúl García Cabrero;27;La Liga;2021/2022;Defender;Deportivo Alavés;3;Spain;1;0;0;0;0;1;0;0;0;0;0;0;0;0;0;3;0;0;0
Saúl Ñíguez;27;La Liga;2021/2022;Midfielder;Atlético Madrid;200;Spain;3;0;1;0;0;1;2;0;0;0,45;0,45;0;0;0,9;100;67;0;200;0
Serge Aurier;29;La Liga;2021/2022;Defender;Villarreal;1003;Côte d'Ivoire;19;0;1;0;0;7;10;4;0;0,09;0,09;0;0;0,9;100;53;251;1003;0,36
Sergi Darder;28;La Liga;2021/2022;Midfielder;RCD Espanyol;3136;Spain;36;3;9;0;0;9;44;4;0;0,34;0,26;0,09;1045;1,26;71;87;784;348;0,11
Sergi Gómez;30;La Liga;2021/2022;Defender;RCD Espanyol;2724;Spain;31;1;2;0;0;7;45;2;1;0,1;0,07;0,03;2724;1,49;61;88;908;1362;0,1
Sergi Roberto;30;La Liga;2021/2022;Defender;FC Barcelona;398;Spain;9;2;1;0;0;1;6;1;0;0,68;0,23;0,45;199;1,36;66;44;398;398;0,23
Sergino Dest;21;La Liga;2021/2022;Defender;FC Barcelona;1516;USA;21;0;3;0;0;5;14;2;0;0,18;0,18;0;0;0,83;108;72;758;505;0,12
Sergio Aguero;33;La Liga;2021/2022;Forward;FC Barcelona;151;Argentina;4;1;0;0;0;0;1;0;0;0,6;0;0,6;151;0,6;151;38;0;0;0
Sergio Asenjo Andrés;32;La Liga;2021/2022;Goalkeeper;Villarreal;540;Spain;6;0;0;0;0;0;8;1;0;0;0;0;0;1,33;68;90;540;0;0,17
Sergio Barcia Laranxeira;21;La Liga;2021/2022;Defender;Granada CF;77;Spain;1;0;0;0;0;0;1;0;0;0;0;0;0;1,17;77;77;0;0;0
Sergio Busquets;33;La Liga;2021/2022;Midfielder;FC Barcelona;3202;Spain;36;2;0;0;0;10;34;12;0;0,06;0;0,06;1601;0,96;94;89;267;0;0,34
Sergio Canales;31;La Liga;2021/2022;Midfielder;Real Betis;2803;Spain;34;5;7;0;0;13;30;7;0;0,39;0,22;0,16;561;0,96;93;82;400;400;0,22
Sergio Escudero;32;La Liga;2021/2022;Defender;Granada CF;1429;Spain;27;2;1;0;0;5;20;6;0;0,19;0,06;0,13;715;1,26;71;53;238;1429;0,38
Sergio Guardiola Navarro;30;La Liga;2021/2022;Forward;Rayo Vallecano;1715;Spain;32;8;2;1;0;6;22;3;0;0,52;0,1;0,42;214;1,15;78;54;572;858;0,16
Sergio Herrera Pirón;28;La Liga;2021/2022;Goalkeeper;CA Osasuna;3240;Spain;36;0;0;0;0;12;44;3;0;0;0;0;0;1,22;74;90;1080;0;0,08
Sergio Postigo;33;La Liga;2021/2022;Defender;Levante UD;849;Spain;13;0;0;0;0;2;19;3;0;0;0;0;0;2,01;45;65;283;0;0,32
Sergio Rico;28;La Liga;2021/2022;Goalkeeper;RCD Mallorca;1260;Spain;14;0;0;0;0;1;27;0;0;0;0;0;0;1,93;47;90;0;0;0
Sergio Santos Fernández;21;La Liga;2021/2022;Defender;Real Madrid;10;Spain;1;0;0;0;0;0;0;0;0;0;0;0;0;0;0;10;0;0;0
Shkodran Mustafi;30;La Liga;2021/2022;Defender;Levante UD;658;Germany;11;1;0;0;0;4;12;1;0;0,14;0;0,14;658;1,64;55;60;658;0;0,14
Šime Vrsaljko;30;La Liga;2021/2022;Defender;Atlético Madrid;909;Croatia;21;1;2;0;0;6;9;4;0;0,3;0,2;0,1;909;0,89;101;43;227;455;0,4
Stefan Mitrović;31;La Liga;2021/2022;Defender;Getafe CF;2673;Serbia;32;0;0;0;0;11;28;9;1;0;0;0;0;0,94;95;84;267;0;0,34
Stefan Savić;31;La Liga;2021/2022;Defender;Atlético Madrid;2440;Montenegro;28;0;0;0;0;11;21;12;0;0;0;0;0;0,77;116;87;203;0;0,44
Stole Dimitrievski;28;La Liga;2021/2022;Goalkeeper;Rayo Vallecano;2771;FYR Macedonia;31;0;0;0;0;9;32;0;0;0;0;0;0;1,04;87;89;0;0;0
Suso;28;La Liga;2021/2022;Forward;Sevilla FC;389;Spain;8;0;1;0;0;3;6;0;0;0,23;0,23;0;0;1,39;65;49;0;389;0
Takefusa Kubo;20;La Liga;2021/2022;Forward;RCD Mallorca;1609;Japan;28;1;0;0;0;7;30;4;0;0,06;0;0,06;1609;1,68;54;57;402;0;0,22
Thiago Galhardo do Nascimento Rocha;32;La Liga;2021/2022;Midfielder;Celta de Vigo;1130;Brazil;31;2;2;0;0;10;15;5;0;0,32;0,16;0,16;565;1,19;75;36;226;565;0,4
Thibaut Courtois;29;La Liga;2021/2022;Goalkeeper;Real Madrid;3240;Belgium;36;0;0;0;0;16;28;1;0;0;0;0;0;0,78;116;90;3240;0;0,03
Thierry Rendall Correia;23;La Liga;2021/2022;Defender;Valencia CF;1424;Portugal;19;0;1;0;0;7;11;5;0;0,06;0,06;0;0;0,7;129;75;285;1424;0,32
Thomas Delaney;30;La Liga;2021/2022;Midfielder;Sevilla FC;1544;Denmark;26;2;1;0;0;12;11;4;1;0,17;0,06;0,12;772;0,64;140;59;386;1544;0,23
Thomas Lemar;26;La Liga;2021/2022;Midfielder;Atlético Madrid;1445;France;24;4;5;0;0;5;23;2;0;0,56;0,31;0,25;361;1,43;63;60;723;289;0,12
Tomás Alage Mendes Mendes;17;La Liga;2021/2022;Midfielder;Deportivo Alavés;8;Spain;1;0;0;0;0;0;0;0;0;0;0;0;0;0;0;8;0;0;0
Tomás Alarcón Vergara;22;La Liga;2021/2022;Defender;Cádiz;1425;Chile;23;0;1;0;0;7;20;5;0;0,06;0,06;0;0;1,26;71;62;285;1425;0,32
Tomás Pina;34;La Liga;2021/2022;Midfielder;Deportivo Alavés;1443;Spain;29;0;0;0;0;4;29;4;0;0;0;0;0;1,81;50;50;361;0;0,25
Toni Kroos;32;La Liga;2021/2022;Midfielder;Real Madrid;2110;Germany;28;1;3;0;0;12;17;4;0;0,17;0,13;0,04;2110;0,73;124;75;528;703;0,17
Toni Lato;24;La Liga;2021/2022;Defender;Valencia CF;590;Spain;11;0;1;0;0;1;9;5;0;0,15;0,15;0;0;1,37;66;54;118;590;0,76
Tonny Emilio Trindade de Vilhena;27;La Liga;2021/2022;Midfielder;RCD Espanyol;937;Netherlands;17;1;1;0;0;4;14;4;0;0,19;0,1;0,1;937;1,34;67;55;234;937;0,38
Unai Dufur Espelosín;23;La Liga;2021/2022;Midfielder;CA Osasuna;90;Spain;1;0;0;0;0;0;2;0;0;0;0;0;0;2;45;90;0;0;0
Unai García Lugea;30;La Liga;2021/2022;Defender;CA Osasuna;1406;Spain;18;0;0;0;0;5;16;5;0;0;0;0;0;1,02;88;78;281;0;0,32
Unai López Cabrera;26;La Liga;2021/2022;Midfielder;Rayo Vallecano;1154;Spain;27;0;0;0;0;8;22;5;0;0;0;0;0;1,72;52;43;231;0;0,39
Unai Núñez;25;La Liga;2021/2022;Defender;Athletic Club Bilbao;621;Spain;9;0;0;0;0;0;9;2;0;0;0;0;0;1,3;69;69;311;0;0,29
Unai Ropero Pérez;20;La Liga;2021/2022;Forward;Deportivo Alavés;11;Spain;1;0;0;0;0;0;0;0;0;0;0;0;0;0;0;11;0;0;0
Unai Simón Mendibil;24;La Liga;2021/2022;Goalkeeper;Athletic Club Bilbao;3060;Spain;34;0;0;0;0;12;25;3;0;0;0;0;0;0,74;122;90;1020;0;0,09
Unai Vencedor Paris;21;La Liga;2021/2022;Midfielder;Athletic Club Bilbao;2395;Spain;34;0;0;0;0;12;22;4;0;0;0;0;0;0,83;109;70;599;0;0,15
Uroš Račić;24;La Liga;2021/2022;Midfielder;Valencia CF;1199;Serbia;28;0;0;0;0;11;18;3;1;0;0;0;0;1,35;67;43;400;0;0,23
Varazdat Haroyan;29;La Liga;2021/2022;Defender;Cádiz;1439;Armenia;17;1;0;0;0;4;23;9;0;0,06;0;0,06;1439;1,44;63;85;160;0;0,56
Vedat Muriqi;28;La Liga;2021/2022;Forward;RCD Mallorca;1439;Kosovo;16;5;3;2;0;3;26;6;0;0,5;0,19;0,31;288;1,63;55;90;240;480;0,38
Vicente Iborra De La Fuente;34;La Liga;2021/2022;Midfielder;Villarreal;1030;Spain;20;0;1;0;0;7;10;4;0;0,09;0,09;0;0;0,87;103;52;258;1030;0,35
Víctor Camarasa;27;La Liga;2021/2022;Midfielder;Real Betis;101;Spain;7;0;0;0;0;2;1;0;0;0;0;0;0;0,89;101;14;0;0;0
Víctor Chust García;22;La Liga;2021/2022;Defender;Cádiz;1828;Spain;25;0;0;0;0;9;23;2;0;0;0;0;0;1,13;79;73;914;0;0,1
Víctor David Díaz Miguel;33;La Liga;2021/2022;Defender;Granada CF;1504;Spain;22;1;0;0;0;7;26;5;0;0,06;0;0,06;1504;1,56;58;68;301;0;0,3
Víctor Gómez Perea;22;La Liga;2021/2022;Defender;RCD Espanyol;3;Spain;1;0;0;0;0;1;0;0;0;0;0;0;0;0;0;3;0;0;0
Víctor Laguardia Cisneros;32;La Liga;2021/2022;Defender;Deportivo Alavés;3044;Spain;34;3;2;0;0;5;52;9;0;0,15;0,06;0,09;1015;1,54;59;90;338;1522;0,27
Víctor Ruiz;33;La Liga;2021/2022;Defender;Real Betis;1425;Spain;18;0;0;0;0;4;17;2;0;0;0;0;0;1,07;84;79;713;0;0,13
Vinícius José Paixão de Oliveira Júnior;21;La Liga;2021/2022;Forward;Real Madrid;2699;Brazil;35;17;10;0;0;15;22;6;0;0,9;0,33;0,57;159;0,73;123;77;450;270;0,2
Vitolo;32;La Liga;2021/2022;Midfielder;Getafe CF;216;Spain;7;0;0;0;0;1;3;0;0;0;0;0;0;1,25;72;31;0;0;0
William Silva de Carvalho;30;La Liga;2021/2022;Midfielder;Real Betis;1804;Portugal;33;2;3;0;0;12;24;6;0;0,25;0,15;0,1;902;1,2;75;55;301;601;0,3
Willian José;30;La Liga;2021/2022;Forward;Real Betis;1608;Brazil;32;8;4;3;0;12;18;1;0;0,67;0,22;0,45;201;1,01;89;50;1608;402;0,06
Ximo Navarro;32;La Liga;2021/2022;Defender;Deportivo Alavés;1350;Spain;18;0;0;0;0;4;19;5;1;0;0;0;0;1,27;71;75;225;0;0,4
Yacine Qasmi;31;La Liga;2021/2022;Forward;Rayo Vallecano;3;Morocco;1;0;0;0;0;0;0;0;0;0;0;0;0;0;0;3;0;0;0
Yan Brice Eteki;24;La Liga;2021/2022;Midfielder;Granada CF;336;Cameroon;12;0;0;0;0;2;6;3;0;0;0;0;0;1,61;56;28;112;0;0,8
Yangel Clemente Herrera Ravelo;24;La Liga;2021/2022;Midfielder;RCD Espanyol;1648;Venezuela;23;1;1;0;0;6;22;7;1;0,11;0,05;0,05;1648;1,2;75;72;235;1648;0,38
Yannick Carrasco;28;La Liga;2021/2022;Midfielder;Atlético Madrid;2592;Belgium;34;6;6;2;0;11;30;5;0;0,42;0,21;0,21;432;1,04;86;76;518;432;0,17
Yassine Bounou;31;La Liga;2021/2022;Goalkeeper;Sevilla FC;2790;Morocco;31;0;2;0;0;13;22;2;0;0,06;0,06;0;0;0,71;127;90;1395;1395;0,06
Yeray Álvarez López;27;La Liga;2021/2022;Defender;Athletic Club Bilbao;1860;Spain;22;0;0;0;0;6;19;6;0;0;0;0;0;0,92;98;85;310;0;0,29
Yeremi Jesús Pino Santos;19;La Liga;2021/2022;Midfielder;Villarreal;1688;Spain;31;6;4;0;0;11;18;2;0;0,53;0,21;0,32;281;0,96;94;54;844;422;0,11
Youssef En-Nesyri;24;La Liga;2021/2022;Forward;Sevilla FC;1281;Morocco;23;5;1;1;0;11;5;1;0;0,42;0,07;0,35;256;0,35;256;56;1281;1281;0,07
Youssouf Sabaly;29;La Liga;2021/2022;Defender;Real Betis;788;France;10;0;1;0;0;4;7;1;0;0,11;0,11;0;0;0,8;113;79;788;788;0,11
Yuri;32;La Liga;2021/2022;Defender;Athletic Club Bilbao;1015;Spain;14;1;2;0;0;5;8;3;0;0,27;0,18;0,09;1015;0,71;127;73;338;508;0,27
Yusuf Demir;18;La Liga;2021/2022;Forward;FC Barcelona;190;Austria;6;0;0;0;0;3;1;0;0;0;0;0;0;0,47;190;32;0;0;0
